-- ==============================================
-- FILE: add-missing-creatures.sql
-- GENERATED: 20260619155101
-- ==============================================
INSERT INTO `creature_template`
(
    `entry`,
    `display_id1`,
    `display_id2`,
    `display_id3`,
    `display_id4`,
    `mount_display_id`,
    `name`,
    `subname`,
    `gossip_menu_id`,
    `level_min`,
    `level_max`,
    `health_min`,
    `health_max`,
    `mana_min`,
    `mana_max`,
    `armor`,
    `faction`,
    `npc_flags`,
    `speed_walk`,
    `speed_run`,
    `scale`,
    `detection_range`,
    `call_for_help_range`,
    `leash_range`,
    `rank`,
    `xp_multiplier`,
    `dmg_min`,
    `dmg_max`,
    `dmg_school`,
    `attack_power`,
    `dmg_multiplier`,
    `base_attack_time`,
    `ranged_attack_time`,
    `unit_class`,
    `unit_flags`,
    `dynamic_flags`,
    `beast_family`,
    `trainer_type`,
    `trainer_spell`,
    `trainer_class`,
    `trainer_race`,
    `ranged_dmg_min`,
    `ranged_dmg_max`,
    `ranged_attack_power`,
    `type`,
    `type_flags`,
    `loot_id`,
    `pickpocket_loot_id`,
    `skinning_loot_id`,
    `holy_res`,
    `fire_res`,
    `nature_res`,
    `frost_res`,
    `shadow_res`,
    `arcane_res`,
    `spell_id1`,
    `spell_id2`,
    `spell_id3`,
    `spell_id4`,
    `spell_list_id`,
    `pet_spell_list_id`,
    `spawn_spell_id`,
    `auras`,
    `gold_min`,
    `gold_max`,
    `ai_name`,
    `movement_type`,
    `inhabit_type`,
    `civilian`,
    `racial_leader`,
    `regeneration`,
    `equipment_id`,
    `trainer_id`,
    `vendor_id`,
    `mechanic_immune_mask`,
    `school_immune_mask`,
    `immunity_flags`,
    `flags_extra`,
    `phase_quest_id`,
    `script_name`
)
VALUES
(62619, 7193, 7193, 0, 0, 0, 'Slickwick Worker', '', 0, 48, 50, 3241, 3356, 0, 0, 2944, 1682, 0, 1, 1.14286, 1, 18, 5, 40, 0, 1, 100.873314, 124.607933, 0, 196, 1, 2000, 2000, 1, 32768, 0, 0, 0, 0, 0, 0, 71.053589, 97.698685, 138, 7, 0, 0, 0, 0, 0, 0, 0, 0, 0, 0, 0, 0, 0, 0, 0, 0, 0, NULL, 0, 0, '', 0, 3, 0, 0, 3, 62619, 0, 0, 0, 0, 0, 0, 0, ''),
(62620, 7036, 0, 0, 0, 0, 'Cherox Whizzbake', 'Exotic Bakery', 0, 45, 45, 2420, 2420, 0, 0, 2600, 1682, 5, 1, 1.14286, 1, 18, 5, 40, 0, 1, 82.830002, 100.88269, 0, 184, 1, 2000, 2000, 1, 32768, 0, 0, 0, 0, 0, 0, 69.140121, 95.067665, 128, 7, 0, 0, 0, 0, 0, 0, 0, 0, 0, 0, 0, 0, 0, 0, 0, 0, 0, NULL, 0, 0, '', 0, 3, 0, 0, 3, 0, 0, 0, 0, 0, 0, 0, 0, ''),
(62621, 7164, 0, 0, 0, 0, 'Brotna Whizzbake', 'Exotic Bakery', 0, 45, 45, 2420, 2420, 0, 0, 2600, 1682, 5, 1, 1.14286, 1, 18, 5, 40, 0, 1, 82.830002, 100.88269, 0, 184, 1, 2000, 2000, 1, 32768, 0, 0, 0, 0, 0, 0, 69.140121, 95.067665, 128, 7, 0, 0, 0, 0, 0, 0, 0, 0, 0, 0, 0, 0, 0, 0, 0, 0, 0, NULL, 0, 0, '', 0, 3, 0, 0, 3, 0, 0, 0, 0, 0, 0, 0, 0, ''),
(62622, 11377, 11377, 0, 0, 0, 'Slickwick Bruiser', '', 0, 55, 55, 9151, 9151, 0, 0, 4500, 1682, 0, 1, 1.42857, 1, 18, 5, 40, 1, 1, 356.375244, 459.83902, 0, 228, 1, 2000, 2000, 1, 36864, 0, 0, 0, 0, 0, 0, 69.822197, 96.005508, 162, 7, 0, 0, 0, 0, 0, 0, 0, 0, 0, 0, 0, 0, 0, 0, 0, 0, 0, NULL, 0, 0, '', 0, 3, 0, 0, 3, 62622, 0, 0, 0, 0, 0, 0, 0, ''),
(62623, 7097, 0, 0, 0, 0, 'Kwabit', '', 0, 30, 30, 1102, 1102, 0, 0, 1200, 1682, 3, 1, 1.14286, 1, 18, 5, 40, 0, 1, 43.927868, 55.432785, 0, 102, 1, 2000, 2000, 1, 33280, 0, 0, 0, 0, 0, 0, 42.977089, 59.093498, 84, 7, 0, 0, 0, 0, 0, 0, 0, 0, 0, 0, 0, 0, 0, 0, 0, 0, 0, NULL, 0, 0, '', 0, 3, 0, 0, 3, 62623, 0, 0, 0, 0, 0, 0, 0, ''),
(62624, 11675, 0, 0, 0, 0, 'Treggi', 'Wind Rider Master', 0, 55, 55, 8626, 8626, 0, 0, 4500, 1682, 9, 1, 1.14286, 1, 18, 5, 40, 1, 1, 332.75, 429.354858, 0, 228, 1, 2000, 2000, 1, 36864, 0, 0, 0, 0, 0, 0, 209.466568, 288.016541, 162, 7, 0, 0, 0, 0, 0, 0, 0, 0, 0, 0, 0, 0, 0, 0, 0, 0, 0, NULL, 0, 0, '', 0, 3, 0, 0, 3, 0, 0, 0, 0, 0, 0, 0, 0, ''),
(62625, 9780, 0, 0, 0, 0, 'Waitress Peenqi', '', 0, 40, 40, 1927, 1927, 0, 0, 1890, 1682, 5, 1, 1.14286, 1, 18, 5, 40, 0, 1, 64.519226, 82.5, 0, 136, 1, 1000, 2000, 1, 37376, 0, 0, 0, 0, 0, 0, 58.712193, 80.729271, 112, 7, 0, 0, 0, 0, 0, 0, 0, 0, 0, 0, 0, 0, 0, 0, 0, 0, 0, NULL, 0, 0, '', 0, 3, 0, 0, 3, 0, 0, 0, 0, 0, 0, 0, 0, ''),
(62626, 10742, 0, 0, 0, 0, 'Ibi Greaselock', 'Innkeeper', 0, 50, 50, 3289, 3289, 0, 0, 2958, 1682, 133, 1, 1.14286, 1, 18, 5, 40, 0, 1, 100.234833, 130.514114, 0, 206, 1, 2000, 2000, 1, 37376, 0, 0, 0, 0, 0, 0, 79.991646, 109.988518, 144, 7, 0, 0, 0, 0, 0, 0, 0, 0, 0, 0, 0, 0, 0, 0, 0, 0, 0, NULL, 0, 0, '', 0, 3, 0, 0, 3, 0, 0, 0, 0, 0, 0, 0, 0, ''),
(62627, 7341, 0, 0, 0, 0, 'Chief Engineer Kalke', '', 0, 35, 35, 1476, 1476, 0, 0, 1373, 1682, 16391, 1, 1.14286, 1, 18, 5, 40, 0, 1, 53.66087, 68.391304, 0, 118, 1, 2000, 2000, 1, 37376, 0, 0, 0, 0, 0, 0, 50.821232, 69.879196, 98, 7, 0, 0, 0, 0, 0, 0, 0, 0, 0, 0, 0, 0, 0, 0, 0, 0, 0, NULL, 0, 0, '', 0, 3, 0, 0, 3, 0, 0, 0, 0, 0, 0, 0, 0, ''),
(62628, 18550, 0, 0, 0, 0, 'Nyxma Niftpatch', 'Everyday Necessities', 0, 43, 43, 2497, 2497, 0, 0, 2311, 1682, 5, 1, 1.14286, 1, 18, 5, 40, 0, 1, 78.884171, 101.593582, 0, 162, 1, 2000, 2000, 1, 37376, 0, 0, 0, 0, 0, 0, 63.733154, 87.633087, 122, 7, 0, 0, 0, 0, 0, 0, 0, 0, 0, 0, 0, 0, 0, 0, 0, 0, 0, NULL, 0, 0, '', 0, 3, 0, 0, 3, 0, 0, 0, 0, 0, 0, 0, 0, ''),
(62681, 21227, 0, 0, 0, 0, 'Boss Slickwick', '', 0, 60, 60, 8059, 8059, 0, 0, 3075, 1682, 3, 1, 1.14286, 1.20000004768372, 18, 5, 40, 1, 1, 848.755127, 903.617615, 0, 252, 1, 2000, 2000, 1, 32768, 0, 0, 0, 0, 0, 0, 74.33651, 102.212708, 180, 7, 0, 0, 0, 0, 0, 0, 0, 0, 0, 0, 0, 0, 0, 0, 0, 0, 0, NULL, 0, 0, '', 0, 3, 0, 0, 3, 0, 0, 0, 0, 0, 0, 0, 0, ''),
(62682, 21226, 0, 0, 0, 0, 'Assistant Steamflare', '', 0, 50, 50, 3045, 3045, 0, 0, 2999, 1682, 3, 1, 1.14286, 1, 18, 5, 40, 0, 1, 91.0177, 116.716812, 0, 206, 1, 2000, 2000, 1, 32768, 0, 0, 0, 0, 0, 0, 75.210083, 103.413864, 144, 7, 0, 0, 0, 0, 0, 0, 0, 0, 0, 0, 0, 0, 0, 0, 0, 0, 0, NULL, 0, 0, '', 0, 3, 0, 0, 3, 0, 0, 0, 0, 0, 0, 0, 0, ''),
(62706, 7180, 0, 0, 0, 0, 'Kizko', 'Organically Raised Pet Rocks', 62706, 30, 30, 1102, 1102, 0, 0, 20, 1682, 7, 1, 1.14286, 1, 18, 5, 40, 0, 1, 3.07, 3.07, 0, 102, 1, 2000, 2000, 1, 32768, 0, 0, 0, 0, 0, 0, 1.67552, 2.30384, 84, 7, 0, 0, 0, 0, 0, 0, 0, 0, 0, 0, 0, 0, 0, 0, 0, 0, 0, NULL, 0, 0, '', 0, 3, 0, 0, 3, 0, 0, 0, 0, 0, 0, 0, 0, '');

-- ==============================================
-- FILE: a_tiny_nuke.sql
-- GENERATED: 20260619155101
-- ==============================================
DELETE FROM `creature`
WHERE `guid` IN (2571480);

DELETE FROM `gameobject`
WHERE `guid` IN (
    5007780, 5007767, 5007781, 5007768, 5007738, 5007769, 5007739,
    5007770, 5007771, 5007772, 5007773, 5007774, 5007775, 5007776,
    5007777, 5007790, 5007791, 5007793, 5007794, 5007795, 5007796,
    5007797, 5007798, 5007799, 5007800, 5007804, 5007805, 5007807,
    5007808, 5007813, 5007815, 5007817, 5007818, 5007819, 5007820,
    5007821, 5007823, 5007824, 5007825, 5007826, 5007827, 5007832,
    5007834, 5007835, 5007836, 5007837, 5007838, 5007839, 5007840,
    5007841, 5007843, 5007844, 5007845, 5007846, 5007847, 5007848,
    5007850, 5007854, 5007855, 5007856, 5007857, 5007862, 5007875,
    5007876, 5007877, 5007879, 5007880, 5007881, 5007882, 5007886,
    5007887, 5007893, 5007894, 5007897, 5007898, 5007899, 5007900,
    5007901, 5007902, 5007904, 5007905, 5007906, 5007907, 5007908,
    5007909, 5007910, 5007912, 5007914, 5007915, 5007916, 5007917,
    5007918, 5007938, 5007939, 5007940, 5007941, 5007942, 5007944,
    5007945, 5007946, 5007947, 5007948, 5007949, 5007950, 5007951,
    5007953, 5007955, 5007956, 5007957, 5007958, 5007960, 5007961,
    5007962, 5007963, 5007964, 5007965, 5007966, 5007967, 5007968,
    5007970, 5007973, 5007974, 5007975, 5007976, 5007977, 5007978,
    5007979, 5007980, 5007981, 5007982, 5007985, 5007986, 5007987,
    5007988, 5007990, 5007991, 5007992, 5007994, 5007996, 5007998,
    5008000, 5008001, 5008003, 5008004, 5008006, 5008007, 5008008,
    5008009, 5008010, 5008011, 5008012, 5008013, 5008014, 5008015,
    5008016, 5008017, 5008018, 5008019, 5008021, 5008022, 5008023,
    5008024, 5008026, 5008028, 5008029, 5008030, 5008031, 5008032,
    5008033, 5008034, 5008160, 5008161, 5008163, 5008165, 5008166,
    5008167, 5008168, 5008169, 5008171, 5008172, 5008173, 5008174,
    5008177, 5008179, 5008181, 5008182, 5008184, 5008189, 5008190,
    5008192, 5008193, 5008194, 5008195, 5008196, 5008197, 5008198,
    5008199, 5008200, 5008201, 5008202, 5008203, 5008204, 5008205,
    5008210, 5008213, 5008214, 5008215, 5008216
);

-- ==============================================
-- FILE: creature_addon_slickwick.sql
-- GENERATED: 20260619155101
-- ==============================================
INSERT INTO `creature_addon`
(
    `guid`,
    `display_id`,
    `mount_display_id`,
    `equipment_id`,
    `stand_state`,
    `sheath_state`,
    `emote_state`,
    `auras`
)
VALUES
(2590597, 0, -1, -1, 0, 1, 379, NULL),
(2590613, 0, -1, -1, 0, 1, 69, NULL),
(2590615, 0, -1, -1, 0, 1, 69, NULL),
(2590616, 0, -1, -1, 3, 1, 0, 25148),
(2590617, 0, -1, -1, 0, 1, 69, NULL),
(2590614, 0, -1, -1, 3, 1, 0, 25148),
(2590839, 0, -1, -1, 1, 1, 0, NULL);

-- ==============================================
-- FILE: creature_display_info_addon_slickwick.sql
-- GENERATED: 20260619155101
-- ==============================================
INSERT INTO `creature_display_info_addon`
(
    `display_id`,
    `bounding_radius`,
    `combat_reach`,
    `gender`,
    `display_id_other_gender`
)
VALUES
(21226, 1.5, 1.5, 0, 0),
(21227, 1.5, 1.5, 0, 0);

-- ==============================================
-- FILE: creature_equip_template_slickwick.sql
-- GENERATED: 20260619155101
-- ==============================================
INSERT INTO `creature_equip_template`
(
    `entry`,
    `equipentry1`,
    `equipentry2`,
    `equipentry3`
)
VALUES
(62613, 1906, 0, 0),
(62614, 2491, 0, 0),
(62615, 3364, 0, 0),
(62616, 61529, 5278, 0),
(62617, 10619, 0, 0),
(62618, 2067, 0, 0),
(62619, 1911, 0, 0),
(62622, 2075, 18168, 0),
(62623, 1117, 0, 0),
(62754, 61529, 84509, 0),
(62684, 10619, 0, 0);

-- ==============================================
-- FILE: creature_involvedrelation_slickwick.sql
-- GENERATED: 20260619155101
-- ==============================================
INSERT INTO `creature_involvedrelation`
(
    `id`,
    `quest`
)
VALUES
(62623, 41763),
(62627, 41764),
(62681, 41765),
(62681, 41766),
(80178, 41767),
(62682, 41838);

-- ==============================================
-- FILE: creature_movement_slickwick.sql
-- GENERATED: 20260619155101
-- ==============================================
INSERT INTO `creature_movement`
(
    `id`,
    `point`,
    `position_x`,
    `position_y`,
    `position_z`,
    `orientation`,
    `waittime`,
    `wander_distance`,
    `script_id`
)
VALUES
(2590601, 1, -9253.349609, -1902.150024, 130.645798, 0, 0, 0, 0),
(2590601, 2, -9258.599609, -1905.400024, 130.645798, 0, 0, 0, 0),
(2590601, 3, -9262.900391, -1912.939941, 130.622864, 0, 0, 0, 0),
(2590601, 4, -9263.299805, -1924.609985, 131.206543, 0, 0, 0, 0),
(2590601, 5, -9261.799805, -1932.609985, 131.456543, 0, 0, 0, 0),
(2590601, 6, -9260.549805, -1940.359985, 131.706543, 0, 0, 0, 0),
(2590601, 7, -9259.799805, -1945.609985, 131.706543, 0, 0, 0, 0),
(2590601, 8, -9252.950195, -1950.150024, 131.76474, 0, 0, 0, 0),
(2590601, 9, -9244.719727, -1949.459961, 131.998734, 0, 0, 0, 0),
(2590601, 10, -9236.719727, -1948.709961, 131.998734, 0, 0, 0, 0),
(2590601, 11, -9228.719727, -1948.209961, 132.248734, 0, 0, 0, 0),
(2590601, 12, -9220.719727, -1947.459961, 132.498734, 0, 0, 0, 0),
(2590601, 13, -9213.459961, -1941.400024, 132.369598, 0, 0, 0, 0),
(2590601, 14, -9208.459961, -1935.150024, 131.869598, 0, 0, 0, 0),
(2590601, 15, -9212.240234, -1926.920044, 131.740799, 0, 0, 0, 0),
(2590601, 16, -9217.240234, -1920.670044, 131.490799, 0, 0, 0, 0),
(2590601, 17, -9222.240234, -1914.420044, 131.240799, 0, 0, 0, 0),
(2590601, 18, -9227.240234, -1908.170044, 131.240799, 0, 0, 0, 0),
(2590601, 19, -9237.089844, -1901.609985, 130.723938, 0, 0, 0, 0),
(2590601, 20, -9244.589844, -1898.359985, 130.723938, 0, 0, 0, 0),
(2590601, 21, -9253.349609, -1902.150024, 130.645798, 0, 0, 0, 0),
(2590686, 1, -9845.349609, -2188.120117, 24.505676, 0, 0, 0, 0),
(2590686, 2, -9852.389648, -2196.689941, 24.940178, 0, 0, 0, 0),
(2590686, 3, -9852.150391, -2207.149902, 24.55077, 0, 0, 0, 0),
(2590686, 4, -9843.55957, -2210.02002, 24.575527, 0, 0, 0, 0),
(2590686, 5, -9835.55957, -2210.02002, 24.575527, 0, 0, 0, 0),
(2590686, 6, -9828.110352, -2203.159912, 25.067295, 0, 0, 0, 0),
(2590686, 7, -9828.759766, -2194.449951, 25.054289, 0, 0, 0, 0),
(2590686, 8, -9835.419922, -2187.52002, 24.505676, 0, 0, 0, 0),
(2590686, 9, -9845.349609, -2188.120117, 24.505676, 0, 0, 0, 0),
(2590815, 1, -9883.820312, -2213.959961, 17.855986, 0, 0, 0, 0),
(2590815, 2, -9883.820312, -2218.959961, 15.105986, 0, 0, 0, 0),
(2590815, 3, -9883.848633, -2226.959961, 11.255676, 0, 0, 0, 0),
(2590815, 4, -9875.629883, -2227.429932, 11.005676, 0, 0, 0, 0),
(2590815, 5, -9867.629883, -2227.679932, 11.005676, 0, 0, 0, 0),
(2590815, 6, -9859.629883, -2227.929932, 11.005676, 0, 0, 0, 0),
(2590815, 7, -9851.629883, -2228.179932, 11.005676, 0, 0, 0, 0),
(2590815, 8, -9845.629883, -2228.179932, 11.005676, 0, 0, 0, 0),
(2590815, 9, -9851.889648, -2228.080078, 11.005676, 0, 0, 0, 0),
(2590815, 10, -9859.889648, -2227.830078, 11.005676, 0, 0, 0, 0),
(2590815, 11, -9867.889648, -2227.830078, 11.005676, 0, 0, 0, 0),
(2590815, 12, -9875.889648, -2227.830078, 11.005676, 0, 0, 0, 0),
(2590815, 13, -9883.889648, -2227.830078, 11.255676, 0, 0, 0, 0),
(2590815, 14, -9883.610352, -2221.669922, 13.287703, 0, 0, 0, 0),
(2590815, 15, -9883.269531, -2212.030029, 18.08012, 0, 0, 0, 0),
(2590815, 16, -9877.080078, -2211.050049, 20.127747, 0, 0, 0, 0),
(2590815, 17, -9871.780273, -2211.290039, 23.436178, 0, 0, 0, 0),
(2590815, 18, -9861.160156, -2210.899902, 24.505676, 0, 0, 0, 0),
(2590815, 19, -9866.69043, -2211.280029, 24.002916, 0, 0, 0, 0),
(2590815, 20, -9872.860352, -2211.48999, 22.670868, 0, 0, 0, 0),
(2590815, 21, -9883.530273, -2211.73999, 18.088717, 0, 0, 0, 0),
(2590815, 22, -9883.820312, -2213.959961, 17.855986, 0, 0, 0, 0);

-- ==============================================
-- FILE: creature_questrelation_slickwick.sql
-- GENERATED: 20260619155101
-- ==============================================
INSERT INTO `creature_questrelation`
(
    `id`,
    `quest`
)
VALUES
(62623, 41763),
(62627, 41764),
(62681, 41765),
(62681, 41766),
(62681, 41767);

-- ==============================================
-- FILE: creature_slickwick.sql
-- GENERATED: 20260619155101
-- ==============================================
INSERT INTO `creature`
(
    `guid`,
    `id`,
    `id2`,
    `id3`,
    `id4`,
    `map`,
    `position_x`,
    `position_y`,
    `position_z`,
    `orientation`,
    `spawntimesecsmin`,
    `spawntimesecsmax`,
    `wander_distance`,
    `health_percent`,
    `mana_percent`,
    `movement_type`,
    `spawn_flags`,
    `visibility_mod`
)
VALUES
(2590595, 62624, 0, 0, 0, 1, -9290.019531, -1917.569946, 130.533997, 4.85643005371094, 300, 300, 0, 100, 100, 0, 0, 0),
(2590597, 62623, 0, 0, 0, 1, -9255.55957, -1932.060059, 131.226501, 0.756678998470306, 300, 300, 0, 100, 100, 0, 0, 0),
(2590598, 62622, 0, 0, 0, 1, -9242.19043, -1889.72998, 130.647751, 4.81012010574341, 300, 300, 0, 100, 100, 0, 0, 0),
(2590599, 62622, 0, 0, 0, 1, -9276.709961, -1943.089966, 131.341156, 3.35085010528564, 300, 300, 0, 100, 100, 0, 0, 0),
(2590600, 62622, 0, 0, 0, 1, -9257.990234, -1959.180054, 132.31221, 1.49180996417999, 300, 300, 0, 100, 100, 0, 0, 0),
(2590601, 62622, 0, 0, 0, 1, -9253.349609, -1902.150024, 130.645798, 0, 300, 300, 0, 100, 100, 2, 0, 0),
(2590602, 62622, 0, 0, 0, 1, -9193.75, -1927.73999, 130.841003, 3.9186999797821, 300, 300, 0, 100, 100, 0, 0, 0),
(2590603, 62622, 0, 0, 0, 1, -9213.870117, -1958.199951, 132.576996, 1.62690997123718, 300, 300, 0, 100, 100, 0, 0, 0),
(2590604, 62621, 0, 0, 0, 1, -9218.580078, -1968.650024, 133.023041, 1.64888000488281, 300, 300, 0, 100, 100, 0, 0, 0),
(2590605, 62620, 0, 0, 0, 1, -9214.240234, -1964.219971, 132.822815, 2.318039894104, 300, 300, 0, 100, 100, 0, 0, 0),
(2590606, 62625, 0, 0, 0, 1, -9245.540039, -1865.97998, 129.240997, 3.96501994132996, 300, 300, 0, 100, 100, 0, 0, 0),
(2590607, 62626, 0, 0, 0, 1, -9256.240234, -1871.199951, 129.242004, 5.81700325012207, 300, 300, 0, 100, 100, 0, 0, 0),
(2590609, 62622, 0, 0, 0, 1, -9255.150391, -1862.410034, 129.242004, 0.999816000461578, 300, 300, 0, 100, 100, 0, 0, 0),
(2590612, 62628, 0, 0, 0, 1, -9253.349609, -1966.719971, 131.921997, 2.02476000785828, 300, 300, 0, 100, 100, 0, 0, 0),
(2590613, 62627, 0, 0, 0, 1, -9225.120117, -1896, 131.110992, 0.783838987350464, 300, 300, 0, 100, 100, 0, 0, 0),
(2590615, 62619, 0, 0, 0, 1, -9267.459961, -1901.319946, 130.837997, 3.63876008987427, 300, 300, 0, 100, 100, 0, 0, 0),
(2590616, 62619, 0, 0, 0, 1, -9238.330078, -1872.390015, 129.761993, 2.35226988792419, 300, 300, 0, 100, 100, 0, 0, 0),
(2590617, 62619, 0, 0, 0, 1, -9244.639648, -1963.859985, 132.25, 5.49308013916016, 300, 300, 0, 100, 100, 0, 0, 0),
(2590618, 62619, 0, 0, 0, 1, -9356.686523, -1915.759766, 130.177719, 0.121992483735085, 300, 300, 5, 100, 100, 1, 0, 0),
(2590619, 62619, 0, 0, 0, 1, -9398.473633, -1914.895142, 130.610382, 2.96513819694519, 300, 300, 5, 100, 100, 1, 0, 0),
(2590621, 62612, 0, 0, 0, 1, -9373.504883, -1889.40271, 129.572647, 1.35401427745819, 300, 300, 5, 100, 100, 1, 0, 0),
(2590622, 62612, 0, 0, 0, 1, -9376.90332, -1880.619995, 129.976791, 5.09819889068604, 300, 300, 0, 100, 100, 0, 0, 0),
(2590623, 62612, 0, 0, 0, 1, -9410.522461, -1925.161743, 130.697113, 1.22962689399719, 300, 300, 0, 100, 100, 0, 0, 0),
(2590624, 62612, 0, 0, 0, 1, -9414.475586, -1945.237061, 130.001892, -1.44632971286774, 300, 300, 5, 100, 100, 1, 0, 0),
(2590625, 62612, 0, 0, 0, 1, -9441.128906, -1942.586304, 129.042358, -1.95681011676788, 300, 300, 10, 100, 100, 1, 0, 0),
(2590626, 62612, 0, 0, 0, 1, -9416.882812, -2007.547363, 122.924347, 3.13865303993225, 300, 300, 5, 100, 100, 1, 0, 0),
(2590627, 62612, 0, 0, 0, 1, -9394.84375, -2010.214722, 123.943169, 3.3534893989563, 300, 300, 5, 100, 100, 1, 0, 0),
(2590628, 62612, 0, 0, 0, 1, -9411.391602, -2039.352905, 125.337952, -0.881397485733032, 300, 300, 0, 100, 100, 0, 0, 0),
(2590629, 62612, 0, 0, 0, 1, -9373.720703, -2004.261841, 125.643608, 2.98563933372498, 300, 300, 10, 100, 100, 1, 0, 0),
(2590630, 62619, 0, 0, 0, 1, -9366.34375, -1974.643677, 126.453529, 1.86720383167267, 300, 300, 5, 100, 100, 1, 0, 0),
(2590633, 62619, 0, 0, 0, 1, -9440.084961, -2043.968018, 123.278801, 2.66039824485779, 300, 300, 10, 100, 100, 1, 0, 0),
(2590634, 62619, 0, 0, 0, 1, -9483.432617, -2057.326904, 123.090096, 2.94820189476013, 300, 300, 5, 100, 100, 1, 0, 0),
(2590635, 62612, 0, 0, 0, 1, -9505.09082, -2063.259521, 123.148392, 2.15622878074646, 300, 300, 0, 100, 100, 0, 0, 0),
(2590636, 62612, 0, 0, 0, 1, -9515.413086, -2048.209229, 123.405746, -0.282796412706375, 300, 300, 5, 100, 100, 1, 0, 0),
(2590637, 62612, 0, 0, 0, 1, -9528.670898, -2099.467773, 125.62999, 4.75219821929932, 300, 300, 5, 100, 100, 1, 0, 0),
(2590638, 62612, 0, 0, 0, 1, -9531.019531, -2083.5, 121.910004, 1.16447997093201, 300, 300, 0, 100, 100, 0, 0, 0),
(2590639, 62612, 0, 0, 0, 1, -9498.845703, -2086.835938, 127.656212, 2.38465666770935, 300, 300, 5, 100, 100, 1, 0, 0),
(2590640, 62612, 0, 0, 0, 1, -9452.387695, -2082.891113, 124.880043, 0.782715141773224, 300, 300, 10, 100, 100, 1, 0, 0),
(2590641, 62619, 0, 0, 0, 1, -9414.681641, -1967.378418, 128.77388, -1.9314558506012, 300, 300, 5, 100, 100, 1, 0, 0),
(2590642, 62612, 0, 0, 0, 1, -9459.84668, -1971.380493, 130.152985, -2.52409768104553, 300, 300, 10, 100, 100, 1, 0, 0),
(2590643, 62619, 0, 0, 0, 1, -9342.835938, -1959.671875, 131.793976, -1.11057710647583, 300, 300, 5, 100, 100, 1, 0, 0),
(2590644, 62618, 0, 0, 0, 1, -9536.160156, -1752.680054, 9.22682, 3.22378993034363, 300, 300, 0, 100, 100, 0, 0, 0),
(2590645, 62613, 0, 0, 0, 1, -9544.370117, -1771.430054, 8.82641, 4.64951992034912, 300, 300, 0, 100, 100, 0, 0, 0),
(2590646, 62614, 0, 0, 0, 1, -9546.69043, -1742.26001, 8.68208, 0.954253017902374, 300, 300, 0, 100, 100, 0, 0, 0),
(2590647, 62614, 0, 0, 0, 1, -9564.799805, -1759.469971, 7.2967, 3.28766989707947, 300, 300, 0, 100, 100, 0, 0, 0),
(2590648, 62615, 0, 0, 0, 1, -9564.265625, -1741.117676, 7.25, -0.719720423221588, 300, 300, 5, 100, 100, 1, 0, 0),
(2590649, 62616, 0, 0, 0, 1, -9593.753906, -1760.668213, 7.098046, 0.7650386095047, 300, 300, 5, 100, 100, 1, 0, 0),
(2590650, 62616, 0, 0, 0, 1, -9596.610352, -1835.819946, 4.24354, 5.48286008834839, 300, 300, 0, 100, 100, 0, 0, 0),
(2590651, 62615, 0, 0, 0, 1, -9594.089844, -1839.560059, 4.739938, 1.99647998809814, 300, 300, 0, 100, 100, 0, 0, 0),
(2590652, 62617, 0, 0, 0, 1, -9592.389648, -1822.280029, 5.64783, 1.46240997314453, 300, 300, 0, 100, 100, 0, 0, 0),
(2590653, 62617, 0, 0, 0, 1, -9633.910156, -1804.02002, 2.72905, 2.1315701007843, 300, 300, 0, 100, 100, 0, 0, 0),
(2590654, 62616, 0, 0, 0, 1, -9652.314453, -1837.20752, 1.812428, 1.81228470802307, 300, 300, 5, 100, 100, 1, 0, 0),
(2590655, 62616, 0, 0, 0, 1, -9678.572266, -1813.93811, 15.868627, -2.92814302444458, 300, 300, 5, 100, 100, 1, 0, 0),
(2590656, 62617, 0, 0, 0, 1, -9684.775391, -1798.092041, 15.55076, -2.33502125740051, 300, 300, 0, 100, 100, 0, 0, 0),
(2590659, 62615, 0, 0, 0, 1, -9652.407227, -1777.890015, 14.75, -2.8194534778595, 300, 300, 5, 100, 100, 1, 0, 0),
(2590660, 62615, 0, 0, 0, 1, -9667.227539, -1794.105225, 9.666988, -0.25715234875679, 300, 300, 0, 100, 100, 0, 0, 0),
(2590661, 62616, 0, 0, 0, 1, -9660.699219, -1793.995972, 2.494074, -1.52255010604858, 300, 300, 5, 100, 100, 1, 0, 0),
(2590662, 62616, 0, 0, 0, 1, -9657.658203, -1775.047607, 9.75, 1.13863754272461, 300, 300, 5, 100, 100, 1, 0, 0),
(2590663, 62617, 0, 0, 0, 1, -9663.400391, -1796.959961, 14.3092, 6.26274013519287, 300, 300, 0, 100, 100, 0, 0, 0),
(2590665, 62615, 0, 0, 0, 1, -9655.972656, -1782.922974, 20.321142, -2.61500096321106, 300, 300, 5, 100, 100, 1, 0, 0),
(2590666, 62615, 0, 0, 0, 1, -9678.041016, -1804.231079, 2, 2.37994813919067, 300, 300, 5, 100, 100, 1, 0, 0),
(2590667, 62617, 0, 0, 0, 1, -9621.637695, -1824.260132, 5.194959, 2.78545093536377, 300, 300, 5, 100, 100, 1, 0, 0),
(2590668, 62617, 0, 0, 0, 1, -9657.81543, -1780.545166, 2.07377, -2.55578565597534, 300, 300, 5, 100, 100, 1, 0, 0),
(2590669, 62616, 0, 0, 0, 1, -9660.055664, -1779.695312, -1.26865, 0.995371699333191, 300, 300, 5, 100, 100, 1, 0, 0),
(2590671, 62615, 0, 0, 0, 1, -9634.367188, -1861.894043, 5.243416, -1.51109981536865, 300, 300, 5, 100, 100, 1, 0, 0),
(2590673, 62613, 0, 0, 0, 1, -9778.859375, -2199.13501, 7.988794, 1.60303950309753, 300, 300, 10, 100, 100, 1, 0, 0),
(2590674, 62614, 0, 0, 0, 1, -9749.669922, -2216.52002, 5.6796, 4.51210021972656, 300, 300, 5, 100, 100, 1, 0, 0),
(2590675, 62614, 0, 0, 0, 1, -9752.759766, -2239.030029, 4.85615, 0.162564992904663, 300, 300, 0, 100, 100, 0, 0, 0),
(2590676, 62613, 0, 0, 0, 1, -9764.780273, -2235.919922, 4.72774, 4.81605005264282, 300, 300, 0, 100, 100, 0, 0, 0),
(2590677, 62617, 0, 0, 0, 1, -9768.017578, -2253.501709, 4.797829, 2.65971255302429, 300, 300, 0, 100, 100, 0, 0, 0),
(2590678, 62617, 0, 0, 0, 1, -9799.650391, -2228.649902, 5.39876, 3.25623989105225, 300, 300, 5, 100, 100, 1, 0, 0),
(2590679, 62612, 0, 0, 0, 1, -9850.75, -2218.310059, 10.4252, 2.20379996299744, 300, 300, 0, 100, 100, 0, 0, 0),
(2590680, 62612, 0, 0, 0, 1, -9856.709961, -2169.409912, 12.6007, 1.51265001296997, 300, 300, 5, 100, 100, 1, 0, 0),
(2590681, 62613, 0, 0, 0, 1, -9832.540039, -2206.169922, 12.6007, 4.55371999740601, 300, 300, 0, 100, 100, 0, 0, 0),
(2590682, 62614, 0, 0, 0, 1, -9827.936523, -2180.605225, 13.255676, -1.90188372135162, 300, 300, 5, 100, 100, 1, 0, 0),
(2590683, 62614, 0, 0, 0, 1, -9871.240234, -2218.110107, 10.426, 3.68270993232727, 300, 300, 0, 100, 100, 0, 0, 0),
(2590684, 62617, 0, 0, 0, 1, -9883.032227, -2210.30957, 18.075581, -1.29326641559601, 300, 300, 0, 100, 100, 0, 0, 0),
(2590685, 62612, 0, 0, 0, 1, -9853.723633, -2221.987061, 24.505676, 1.32464241981506, 300, 300, 0, 100, 100, 0, 0, 0),
(2590686, 62617, 0, 0, 0, 1, -9845.349609, -2188.120117, 24.505676, 0.0109248580411077, 300, 300, 0, 100, 100, 2, 0, 0),
(2590687, 62614, 0, 0, 0, 1, -9857.339844, -2190.97998, 23.816299, 2.51010990142822, 300, 300, 5, 100, 100, 1, 0, 0),
(2590688, 62613, 0, 0, 0, 1, -9863.698242, -2179.311035, 29.005676, 3.23812103271484, 300, 300, 0, 100, 100, 0, 0, 0),
(2590691, 62614, 0, 0, 0, 1, -9790.473633, -2161.734619, 2.063558, 0.948493480682373, 300, 300, 5, 100, 100, 1, 0, 0),
(2590693, 62622, 0, 0, 0, 1, -9275.349609, -1952.329956, 131.771652, 3.12014007568359, 300, 300, 0, 100, 100, 0, 0, 0),
(2590815, 62613, 0, 0, 0, 1, -9883.820312, -2213.959961, 17.855986, 3.1798300743103, 300, 300, 0, 100, 100, 2, 0, 0),
(2590837, 62682, 0, 0, 0, 1, -9186.799805, -1915.48999, 130.919006, 5.9754900932312, 300, 300, 0, 100, 100, 0, 0, 0),
(2590838, 62681, 0, 0, 0, 1, -9184.419922, -1916.579956, 130.919006, 2.65324997901917, 300, 300, 0, 100, 100, 0, 0, 0),
(2591856, 5431, 0, 0, 0, 1, -9718.658203, -2053.568115, 6.012949, -1.31409394741058, 300, 300, 10, 100, 100, 1, 0, 0),
(2591857, 5431, 0, 0, 0, 1, -9761.365234, -2083.725586, 7.75, 0.099940650165081, 300, 300, 5, 100, 100, 1, 0, 0),
(2591858, 5431, 0, 0, 0, 1, -9648.217773, -2021.814941, 4.332021, -2.83855319023132, 300, 300, 0, 100, 100, 0, 0, 0),
(2591859, 5431, 0, 0, 0, 1, -9685.728516, -1965.436401, 3.934104, -0.837636053562164, 300, 300, 0, 100, 100, 0, 0, 0),
(2591860, 5431, 0, 0, 0, 1, -9719.457031, -1975.84375, -1.65409, -1.3821884393692, 300, 300, 0, 100, 100, 0, 0, 0),
(2591861, 5431, 0, 0, 0, 1, -9637.998047, -1938.863403, 3.979307, 2.08721470832825, 300, 300, 0, 100, 100, 0, 0, 0),
(2591862, 5431, 0, 0, 0, 1, -9676.113281, -1891.388306, 3.844555, -0.219311535358429, 300, 300, 5, 100, 100, 1, 0, 0),
(2591863, 5431, 0, 0, 0, 1, -9720.834961, -1921.436279, -1.95625, -1.68904078006744, 300, 300, 0, 100, 100, 0, 0, 0),
(2590614, 62619, 0, 0, 0, 1, -9238.509766, -1916.040039, 130.257996, 5.71535015106201, 300, 300, 0, 100, 100, 0, 0, 0),
(2591403, 62706, 0, 0, 0, 1, -9256.580078, -1888.180054, 130.513458, 5.07679986953735, 300, 300, 0, 100, 100, 0, 0, 0),
(2592321, 62754, 0, 0, 0, 1, -9644.610352, -1776.234619, 10.119802, 2.660451, 50400, 50400, 0, 100, 100, 0, 0, 0),
(2590839, 62683, 0, 0, 0, 1, -7151.609863, -3845.379883, 9.51539, 1.2886600494384766, 300, 300, 0, 100, 100, 0, 0, 0),
(2590840, 62684, 0, 0, 0, 1, -7176.470215, -3741.379883, 8.47145, 3.471290111541748, 300, 300, 0, 100, 100, 0, 0, 0);

-- ==============================================
-- FILE: creature_spells_slickwick.sql
-- GENERATED: 20260619155101
-- ==============================================
INSERT INTO `creature_spells`
(
    `entry`,
    `name`,
    `spellId_1`,
    `probability_1`,
    `castTarget_1`,
    `targetParam1_1`,
    `targetParam2_1`,
    `castFlags_1`,
    `delayInitialMin_1`,
    `delayInitialMax_1`,
    `delayRepeatMin_1`,
    `delayRepeatMax_1`,
    `scriptId_1`,
    `spellId_2`,
    `probability_2`,
    `castTarget_2`,
    `targetParam1_2`,
    `targetParam2_2`,
    `castFlags_2`,
    `delayInitialMin_2`,
    `delayInitialMax_2`,
    `delayRepeatMin_2`,
    `delayRepeatMax_2`,
    `scriptId_2`,
    `spellId_3`,
    `probability_3`,
    `castTarget_3`,
    `targetParam1_3`,
    `targetParam2_3`,
    `castFlags_3`,
    `delayInitialMin_3`,
    `delayInitialMax_3`,
    `delayRepeatMin_3`,
    `delayRepeatMax_3`,
    `scriptId_3`,
    `spellId_4`,
    `probability_4`,
    `castTarget_4`,
    `targetParam1_4`,
    `targetParam2_4`,
    `castFlags_4`,
    `delayInitialMin_4`,
    `delayInitialMax_4`,
    `delayRepeatMin_4`,
    `delayRepeatMax_4`,
    `scriptId_4`,
    `spellId_5`,
    `probability_5`,
    `castTarget_5`,
    `targetParam1_5`,
    `targetParam2_5`,
    `castFlags_5`,
    `delayInitialMin_5`,
    `delayInitialMax_5`,
    `delayRepeatMin_5`,
    `delayRepeatMax_5`,
    `scriptId_5`,
    `spellId_6`,
    `probability_6`,
    `castTarget_6`,
    `targetParam1_6`,
    `targetParam2_6`,
    `castFlags_6`,
    `delayInitialMin_6`,
    `delayInitialMax_6`,
    `delayRepeatMin_6`,
    `delayRepeatMax_6`,
    `scriptId_6`,
    `spellId_7`,
    `probability_7`,
    `castTarget_7`,
    `targetParam1_7`,
    `targetParam2_7`,
    `castFlags_7`,
    `delayInitialMin_7`,
    `delayInitialMax_7`,
    `delayRepeatMin_7`,
    `delayRepeatMax_7`,
    `scriptId_7`,
    `spellId_8`,
    `probability_8`,
    `castTarget_8`,
    `targetParam1_8`,
    `targetParam2_8`,
    `castFlags_8`,
    `delayInitialMin_8`,
    `delayInitialMax_8`,
    `delayRepeatMin_8`,
    `delayRepeatMax_8`,
    `scriptId_8`
)
VALUES
(62612, 'Animated Oil', 16050, 100, 1, 0, 0, 0, 1, 3, 20, 20, 0, 0, 100, 1, 0, 0, 0, 0, 0, 0, 0, 0, 0, 100, 1, 0, 0, 0, 0, 0, 0, 0, 0, 0, 100, 1, 0, 0, 0, 0, 0, 0, 0, 0, 0, 100, 1, 0, 0, 0, 0, 0, 0, 0, 0, 0, 100, 1, 0, 0, 0, 0, 0, 0, 0, 0, 0, 100, 1, 0, 0, 0, 0, 0, 0, 0, 0, 0, 100, 1, 0, 0, 0, 0, 0, 0, 0, 0),
(62613, 'Venture Co. Oil Igniter', 9574, 100, 1, 0, 0, 0, 0, 0, 10, 12, 0, 11350, 100, 0, 0, 0, 0, 3, 4, 25, 26, 0, 0, 100, 1, 0, 0, 0, 0, 0, 0, 0, 0, 0, 100, 1, 0, 0, 0, 0, 0, 0, 0, 0, 0, 100, 1, 0, 0, 0, 0, 0, 0, 0, 0, 0, 100, 1, 0, 0, 0, 0, 0, 0, 0, 0, 0, 100, 1, 0, 0, 0, 0, 0, 0, 0, 0, 0, 100, 1, 0, 0, 0, 0, 0, 0, 0, 0),
(62614, 'Venture Co. Infiltrator', 11556, 100, 0, 0, 0, 0, 0, 3, 26, 29, 0, 17407, 100, 1, 0, 0, 0, 3, 5, 25, 29, 0, 0, 100, 1, 0, 0, 0, 0, 0, 0, 0, 0, 0, 100, 1, 0, 0, 0, 0, 0, 0, 0, 0, 0, 100, 1, 0, 0, 0, 0, 0, 0, 0, 0, 0, 100, 1, 0, 0, 0, 0, 0, 0, 0, 0, 0, 100, 1, 0, 0, 0, 0, 0, 0, 0, 0, 0, 100, 1, 0, 0, 0, 0, 0, 0, 0, 0),
(62615, 'Hired Freebooter', 11293, 100, 1, 0, 0, 0, 0, 0, 8, 10, 0, 7394, 100, 1, 0, 0, 0, 2, 3, 10, 17, 0, 0, 100, 1, 0, 0, 0, 0, 0, 0, 0, 0, 0, 100, 1, 0, 0, 0, 0, 0, 0, 0, 0, 0, 100, 1, 0, 0, 0, 0, 0, 0, 0, 0, 0, 100, 1, 0, 0, 0, 0, 0, 0, 0, 0, 0, 100, 1, 0, 0, 0, 0, 0, 0, 0, 0, 0, 100, 1, 0, 0, 0, 0, 0, 0, 0, 0),
(62616, 'Hired Outlaw', 14897, 100, 1, 0, 0, 0, 0, 0, 17, 18, 0, 21060, 100, 1, 0, 0, 0, 3, 4, 44, 45, 0, 0, 100, 1, 0, 0, 0, 0, 0, 0, 0, 0, 0, 100, 1, 0, 0, 0, 0, 0, 0, 0, 0, 0, 100, 1, 0, 0, 0, 0, 0, 0, 0, 0, 0, 100, 1, 0, 0, 0, 0, 0, 0, 0, 0, 0, 100, 1, 0, 0, 0, 0, 0, 0, 0, 0, 0, 100, 1, 0, 0, 0, 0, 0, 0, 0, 0),
(62617, 'Venture Co. Plunderer', 11285, 100, 1, 0, 0, 0, 3, 4, 19, 20, 0, 57097, 100, 1, 0, 0, 0, 7, 8, 26, 27, 0, 0, 100, 1, 0, 0, 0, 0, 0, 0, 0, 0, 0, 100, 1, 0, 0, 0, 0, 0, 0, 0, 0, 0, 100, 1, 0, 0, 0, 0, 0, 0, 0, 0, 0, 100, 1, 0, 0, 0, 0, 0, 0, 0, 0, 0, 100, 1, 0, 0, 0, 0, 0, 0, 0, 0, 0, 100, 1, 0, 0, 0, 0, 0, 0, 0, 0),
(62618, 'Grexez Shrillfluke', 10180, 100, 1, 0, 0, 0, 0, 0, 10, 12, 0, 8492, 100, 1, 0, 0, 0, 3, 4, 20, 21, 0, 0, 100, 1, 0, 0, 0, 0, 0, 0, 0, 0, 0, 100, 1, 0, 0, 0, 0, 0, 0, 0, 0, 0, 100, 1, 0, 0, 0, 0, 0, 0, 0, 0, 0, 100, 1, 0, 0, 0, 0, 0, 0, 0, 0, 0, 100, 1, 0, 0, 0, 0, 0, 0, 0, 0, 0, 100, 1, 0, 0, 0, 0, 0, 0, 0, 0);

-- ==============================================
-- FILE: creature_template_update_slickwick.sql
-- GENERATED: 20260619155101
-- ==============================================
UPDATE `creature_template`
SET `armor` = 2946,
    `scale` = 1,
    `dmg_min` = 76.211723,
    `dmg_max` = 96.171883,
    `attack_power` = 200,
    `unit_class` = 1,
    `unit_flags` = 32768,
    `ranged_dmg_min` = 72.967064,
    `ranged_dmg_max` = 100.32972,
    `spell_list_id` = 62612
WHERE `entry` = 62612;

UPDATE `creature_template`
SET `armor` = 2942,
    `scale` = 1,
    `dmg_min` = 75.798271,
    `dmg_max` = 95.650154,
    `attack_power` = 210,
    `unit_class` = 1,
    `unit_flags` = 32768,
    `ranged_dmg_min` = 72.201675,
    `ranged_dmg_max` = 99.277298,
    `spell_list_id` = 62613
WHERE `entry` = 62613;

UPDATE `creature_template`
SET `armor` = 2944,
    `scale` = 1,
    `dmg_min` = 75.798271,
    `dmg_max` = 95.650154,
    `attack_power` = 206,
    `unit_class` = 1,
    `unit_flags` = 32768,
    `ranged_dmg_min` = 72.201675,
    `ranged_dmg_max` = 99.277298,
    `spell_list_id` = 62614
WHERE `entry` = 62614;

UPDATE `creature_template`
SET `armor` = 3052,
    `scale` = 1,
    `dmg_min` = 110.854645,
    `dmg_max` = 136.337112,
    `attack_power` = 214,
    `unit_class` = 1,
    `unit_flags` = 32768,
    `ranged_dmg_min` = 66.731277,
    `ranged_dmg_max` = 91.755508,
    `spell_list_id` = 62615
WHERE `entry` = 62615;

UPDATE `creature_template`
SET `armor` = 3052,
    `scale` = 1,
    `dmg_min` = 110.189507,
    `dmg_max` = 135.519089,
    `attack_power` = 210,
    `unit_class` = 1,
    `unit_flags` = 32768,
    `ranged_dmg_min` = 66.383118,
    `ranged_dmg_max` = 91.276787,
    `spell_list_id` = 62616
WHERE `entry` = 62616;

UPDATE `creature_template`
SET `armor` = 2944,
    `scale` = 1,
    `dmg_min` = 75.798271,
    `dmg_max` = 95.650154,
    `attack_power` = 200,
    `unit_class` = 1,
    `unit_flags` = 32768,
    `ranged_dmg_min` = 72.201675,
    `ranged_dmg_max` = 99.277298,
    `spell_list_id` = 62617
WHERE `entry` = 62617;

UPDATE `creature_template`
SET `armor` = 3336,
    `scale` = 1,
    `dmg_min` = 109.12146,
    `dmg_max` = 141.146393,
    `attack_power` = 206,
    `unit_class` = 2,
    `unit_flags` = 32768,
    `ranged_dmg_min` = 75.239639,
    `ranged_dmg_max` = 103.454506,
    `spell_list_id` = 62618
WHERE `entry` = 62618;

UPDATE `creature_template`
SET `armor` = 3108,
    `scale` = 1,
    `dmg_min` = 134.256409,
    `dmg_max` = 170.697433,
    `attack_power` = 202,
    `unit_class` = 2,
    `unit_flags` = 32768,
    `ranged_dmg_min` = 61.156239,
    `ranged_dmg_max` = 84.089828,
    `spell_list_id` = 0
WHERE `entry` = 62754;

UPDATE `creature_template`
SET `armor` = 1200,
    `scale` = 1,
    `dmg_min` = 43.927868,
    `dmg_max` = 55.432785,
    `attack_power` = 102,
    `unit_class` = 1,
    `unit_flags` = 32768,
    `ranged_dmg_min` = 42.977089,
    `ranged_dmg_max` = 59.093498,
    `spell_list_id` = 0
WHERE `entry` = 62683;

UPDATE `creature_template`
SET `armor` = 1200,
    `scale` = 1,
    `dmg_min` = 43.927868,
    `dmg_max` = 55.432785,
    `attack_power` = 102,
    `unit_class` = 1,
    `unit_flags` = 32768,
    `ranged_dmg_min` = 42.977089,
    `ranged_dmg_max` = 59.093498,
    `spell_list_id` = 0
WHERE `entry` = 62684;


-- ==============================================
-- FILE: gameobject_slickwick.sql
-- GENERATED: 20260619155101
-- ==============================================
INSERT INTO `gameobject`
(
    `guid`,
    `id`,
    `map`,
    `position_x`,
    `position_y`,
    `position_z`,
    `orientation`,
    `rotation0`,
    `rotation1`,
    `rotation2`,
    `rotation3`,
    `spawntimesecsmin`,
    `spawntimesecsmax`,
    `animprogress`,
    `state`,
    `spawn_flags`,
    `visibility_mod`
)
VALUES
(5025070, 1000013, 1, -9182.41015625, -1914.31994628906, 130.720001220703, 2.2862401008606, 0, 0, 0.909931987, 0.414757494, 300, 300, 100, 1, 0, 0),
(5025071, 3000306, 1, -9183.580078125, -1920.7099609375, 130.921997070313, 1.88883996009827, 0, 0, 0.810157055, 0.586212885, 300, 300, 100, 1, 0, 0),
(5025072, 2003528, 1, -9181.759765625, -1919.11999511719, 130.919998168945, 5.81660985946655, 0, 0, 0.231177432, -0.972911607, 300, 300, 100, 1, 0, 0),
(5025074, 2010650, 1, -9180.490234375, -1919.76000976563, 133.602005004883, 2.66716003417969, 0, 0, 0.971995901, 0.234997805, 300, 300, 100, 1, 0, 0),
(5025075, 2003197, 1, -9181.1201171875, -1918.92004394531, 131.822006225586, 3.238450050354, 0, 0, 0.99882756, -0.0484097703, 300, 300, 100, 1, 0, 0),
(5025076, 2008623, 1, -9181.669921875, -1919.67004394531, 131.822006225586, 2.28340005874634, 0, 0, 0.909342106, 0.416049198, 300, 300, 100, 1, 0, 0),
(5025077, 2004462, 1, -9182.240234375, -1919.23999023438, 131.822006225586, 2.47582006454468, 0, 0, 0.945103121, 0.326772232, 300, 300, 100, 1, 0, 0),
(5025078, 2004460, 1, -9182.1103515625, -1919.56005859375, 131.822006225586, 2.22762989997864, 0, 0, 0.897388525, 0.441241244, 300, 300, 100, 1, 0, 0),
(5025079, 2006097, 1, -9187.0302734375, -1913.35998535156, 130.917999267578, 3.39051008224487, 0, 0, 0.992265007, -0.124137653, 300, 300, 100, 1, 0, 0),
(5025080, 2003528, 1, -9188.9697265625, -1914.68005371094, 130.919998168945, 5.71684980392456, 0, 0, 0.279398642, -0.960175192, 300, 300, 100, 1, 0, 0),
(5025081, 2003455, 1, -9188.76953125, -1914.68005371094, 131.822998046875, 5.19220018386841, 0, 0, 0.518839231, -0.854871834, 300, 300, 100, 1, 0, 0),
(5025082, 2003205, 1, -9189.6103515625, -1914.86999511719, 131.822998046875, 5.84407997131348, 0, 0, 0.217793051, -0.975994973, 300, 300, 100, 1, 0, 0),
(5025085, 1000224, 1, -9185.0498046875, -1913.13000488281, 130.921997070313, 4.69661998748779, 0, 0, 0.712659926, -0.701509679, 300, 300, 100, 1, 0, 0),
(5025086, 1000224, 1, -9181.5595703125, -1917.2900390625, 130.923004150391, 3.00408005714417, 0, 0, 0.997637217, 0.0687021376, 300, 300, 100, 1, 0, 0),
(5025272, 2020217, 1, -9755.2197265625, -2242.56005859375, 4.75817012786865, 0.414460986852646, 0, 0, 0.205750441, 0.978604494, 300, 300, 100, 1, 0, 0),
(5025378, 2020225, 1, -9515.33984375, -2062.75, 121.543998718262, 5.13740015029907, 0, 0, 0.542065052, -0.840336527, 300, 300, 100, 1, 0, 0),
(5025379, 2020226, 1, -9390.3896484375, -2020.92004394531, 123.822998046875, 1.39105999469757, 0, 0, 0.640792416, 0.767714191, 300, 300, 100, 1, 0, 0),
(5025380, 2020227, 1, -9430.08984375, -1941.61999511719, 128.514999389648, 2.83303999900818, 0, 0, 0.988122993, 0.153665062, 300, 300, 100, 1, 0, 0),
(5025381, 2020228, 1, -9379.009765625, -1879.18994140625, 128.559005737305, 4.47138977050781, 0, 0, 0.786979377, -0.616979304, 300, 300, 100, 1, 0, 0),
(5025691, 153463, 1, -9661.58984375, -1785.75, 1.59039998054504, 0.874978005886078, 0, 0, 0.423666296, 0.905818343, 3600, 14400, 100, 1, 0, 0),
(5026096, 2020254, 1, -9859.919921875, -2176.42993164063, 27.9692993164063, 4.15405988693237, 0, 0, 0.874576976, -0.484886702, 300, 300, 100, 1, 0, 0),
(5030074, 2020262, 1, -9220.6904296875, -2219.18994140625, 7.36909008026123, 3.35756993293762, 0, 0, 0.994174891, -0.107778876, 300, 300, 100, 1, 0, 0);

-- ==============================================
-- FILE: gameobject_template_update_slickwick.sql
-- GENERATED: 20260619155101
-- ==============================================
UPDATE `gameobject_template`
SET `flags` = 6
WHERE `entry` = 2020217;

UPDATE `gameobject_template`
SET `flags` = 36
WHERE `entry` = 2020225;

UPDATE `gameobject_template`
SET `flags` = 36
WHERE `entry` = 2020226;

UPDATE `gameobject_template`
SET `flags` = 36
WHERE `entry` = 2020227;

UPDATE `gameobject_template`
SET `flags` = 36
WHERE `entry` = 2020228;


-- ==============================================
-- FILE: npc_vendor_slickwick.sql
-- GENERATED: 20260619155101
-- ==============================================
INSERT INTO `npc_vendor`
(
    `entry`,
    `slot`,
    `item`,
    `maxcount`,
    `incrtime`,
    `itemflags`,
    `condition_id`
)
VALUES
(62620, 1, 41935, 0, 0, 0, 0),
(62620, 2, 41934, 0, 0, 0, 0),
(62620, 3, 41933, 0, 0, 0, 0),
(62620, 4, 41932, 0, 0, 0, 0),
(62620, 5, 41931, 0, 0, 0, 0),
(62620, 6, 41930, 0, 0, 0, 0),
(62625, 1, 159, 0, 0, 0, 0),
(62625, 2, 1179, 0, 0, 0, 0),
(62625, 3, 1205, 0, 0, 0, 0),
(62625, 4, 1708, 0, 0, 0, 0),
(62625, 5, 1645, 0, 0, 0, 0),
(62625, 6, 8766, 0, 0, 0, 0),
(62625, 7, 2723, 0, 0, 0, 0),
(62625, 8, 2593, 0, 0, 0, 0),
(62625, 9, 2596, 0, 0, 0, 0),
(62625, 10, 2594, 0, 0, 0, 0),
(62625, 11, 2595, 0, 0, 0, 0),
(62626, 1, 787, 0, 0, 0, 0),
(62626, 2, 4592, 0, 0, 0, 0),
(62626, 3, 4593, 0, 0, 0, 0),
(62626, 4, 4594, 0, 0, 0, 0),
(62626, 5, 21552, 0, 0, 0, 0),
(62626, 6, 8957, 0, 0, 0, 0),
(62626, 7, 159, 0, 0, 0, 0),
(62626, 8, 1179, 0, 0, 0, 0),
(62626, 9, 1205, 0, 0, 0, 0),
(62626, 10, 1708, 0, 0, 0, 0),
(62626, 11, 1645, 0, 0, 0, 0),
(62626, 12, 8766, 0, 0, 0, 0),
(62627, 1, 4382, 0, 0, 0, 0),
(62627, 2, 5956, 0, 0, 0, 0),
(62627, 3, 2901, 0, 0, 0, 0),
(62627, 4, 4399, 0, 0, 0, 0),
(62627, 5, 4400, 0, 0, 0, 0),
(62627, 6, 2880, 0, 0, 0, 0),
(62627, 7, 3466, 0, 0, 0, 0),
(62627, 8, 10648, 0, 0, 0, 0),
(62627, 9, 10647, 0, 0, 0, 0),
(62627, 10, 4389, 0, 0, 0, 0),
(62627, 11, 4363, 0, 0, 0, 0),
(62627, 12, 4357, 0, 0, 0, 0),
(62627, 13, 4364, 0, 0, 0, 0),
(62627, 14, 4404, 0, 0, 0, 0),
(62627, 15, 4371, 0, 0, 0, 0),
(62628, 1, 6183, 0, 0, 0, 0),
(62628, 2, 3777, 0, 0, 0, 0),
(62628, 3, 14341, 0, 0, 0, 0),
(62628, 4, 18256, 0, 0, 0, 0),
(62628, 5, 50231, 0, 0, 0, 0),
(62628, 6, 4540, 0, 0, 0, 0),
(62628, 7, 7005, 0, 0, 0, 0),
(62628, 8, 159, 0, 0, 0, 0),
(62628, 9, 2901, 0, 0, 0, 0),
(62628, 10, 2512, 0, 0, 0, 0),
(62628, 11, 5956, 0, 0, 0, 0),
(62628, 12, 2516, 0, 0, 0, 0),
(62628, 13, 6256, 0, 0, 0, 0),
(62628, 14, 3111, 0, 0, 0, 0),
(62628, 15, 6217, 0, 0, 0, 0),
(62628, 16, 2947, 0, 0, 0, 0),
(62628, 17, 2678, 0, 0, 0, 0),
(62628, 18, 1179, 0, 0, 0, 0),
(62628, 19, 2320, 0, 0, 0, 0),
(62628, 20, 1205, 0, 0, 0, 0),
(62628, 21, 2880, 0, 0, 0, 0),
(62628, 22, 4498, 0, 0, 0, 0),
(62628, 23, 3371, 0, 0, 0, 0),
(62628, 24, 4497, 0, 0, 0, 0),
(62628, 25, 4289, 0, 0, 0, 0),
(62628, 26, 2515, 0, 0, 0, 0),
(62628, 27, 6529, 0, 0, 0, 0),
(62628, 28, 3030, 0, 0, 0, 0),
(62628, 29, 2604, 0, 0, 0, 0),
(62628, 30, 2519, 0, 0, 0, 0),
(62628, 31, 2324, 0, 0, 0, 0),
(62628, 32, 3033, 0, 0, 0, 0),
(62628, 33, 6260, 0, 0, 0, 0),
(62628, 34, 3107, 0, 0, 0, 0),
(62628, 35, 2321, 0, 0, 0, 0),
(62628, 36, 3108, 0, 0, 0, 0),
(62628, 37, 4291, 0, 0, 0, 0),
(62628, 38, 3135, 0, 0, 0, 0),
(62628, 39, 8343, 0, 0, 0, 0),
(62628, 40, 3137, 0, 0, 0, 0),
(62628, 41, 2692, 0, 0, 0, 0),
(62628, 42, 3713, 0, 0, 0, 0),
(62628, 43, 4471, 0, 0, 0, 0),
(62628, 44, 3466, 0, 0, 0, 0),
(62628, 45, 4496, 0, 0, 0, 0),
(62628, 46, 3857, 0, 0, 0, 0),
(62628, 47, 2946, 0, 0, 0, 0),
(62628, 48, 2928, 0, 0, 0, 0),
(62628, 49, 3131, 0, 0, 0, 0),
(62628, 50, 2325, 0, 0, 0, 0),
(62628, 51, 5048, 0, 0, 0, 0),
(62628, 52, 4341, 0, 0, 0, 0),
(62628, 53, 5042, 0, 0, 0, 0),
(62628, 54, 4342, 0, 0, 0, 0),
(62628, 55, 1708, 0, 0, 0, 0),
(62628, 56, 4340, 0, 0, 0, 0),
(62628, 57, 1645, 0, 0, 0, 0),
(62628, 58, 3372, 0, 0, 0, 0),
(62628, 59, 11285, 0, 0, 0, 0),
(62628, 60, 8925, 0, 0, 0, 0),
(62628, 61, 11284, 0, 0, 0, 0),
(62628, 62, 4399, 0, 0, 0, 0),
(62628, 63, 15327, 0, 0, 0, 0),
(62628, 64, 4400, 0, 0, 0, 0),
(62628, 65, 15326, 0, 0, 0, 0),
(62628, 66, 6530, 0, 0, 0, 0),
(62628, 67, 6532, 0, 0, 0, 0),
(62628, 68, 2605, 0, 0, 0, 0),
(62706, 1, 41879, 0, 0, 0, 0),
(62706, 2, 41880, 0, 0, 0, 0),
(62706, 3, 41881, 0, 0, 0, 0),
(62706, 4, 41882, 0, 0, 0, 0);

-- ==============================================
-- FILE: slickwick_control_panel_gossip.sql
-- GENERATED: 20260619155101
-- ==============================================
-- Slickwick Oil Rig control panels stay questgiver gameobjects.
-- The script provides the gossip options and grants the clicked GO objective
-- for quests 41762 and 41764.

INSERT INTO `broadcast_text`
(
    `entry`,
    `male_text`,
    `female_text`,
    `chat_type`,
    `sound_id`,
    `language_id`,
    `emote_id1`,
    `emote_id2`,
    `emote_id3`,
    `emote_delay1`,
    `emote_delay2`,
    `emote_delay3`
)
VALUES (2020225, ' ', ' ', 0, 0, 0, 0, 0, 0, 0, 0, 0);

INSERT INTO `npc_text`
(
    `ID`,
    `BroadcastTextID0`,
    `Probability0`,
    `BroadcastTextID1`,
    `Probability1`,
    `BroadcastTextID2`,
    `Probability2`,
    `BroadcastTextID3`,
    `Probability3`,
    `BroadcastTextID4`,
    `Probability4`,
    `BroadcastTextID5`,
    `Probability5`,
    `BroadcastTextID6`,
    `Probability6`,
    `BroadcastTextID7`,
    `Probability7`
)
VALUES (2020225, 2020225, 1, 0, 0, 0, 0, 0, 0, 0, 0, 0, 0, 0, 0, 0, 0);

UPDATE `gameobject_template`
SET `script_name` = 'go_slickwick_control_panel'
WHERE `entry` IN (2020225, 2020226, 2020227, 2020228);

