-- ==============================================
-- FILE: add_missing_creatures_earthenring.sql
-- GENERATED: 20260620224628
-- ==============================================
INSERT INTO `creature_template`
(
    `entry`,
    `display_id1`,
    `display_id2`,
    `display_id3`,
    `display_id4`,
    `mount_display_id`,
    `name`,
    `subname`,
    `gossip_menu_id`,
    `level_min`,
    `level_max`,
    `health_min`,
    `health_max`,
    `mana_min`,
    `mana_max`,
    `armor`,
    `faction`,
    `npc_flags`,
    `speed_walk`,
    `speed_run`,
    `scale`,
    `detection_range`,
    `call_for_help_range`,
    `leash_range`,
    `rank`,
    `xp_multiplier`,
    `dmg_min`,
    `dmg_max`,
    `dmg_school`,
    `attack_power`,
    `dmg_multiplier`,
    `base_attack_time`,
    `ranged_attack_time`,
    `unit_class`,
    `unit_flags`,
    `dynamic_flags`,
    `beast_family`,
    `trainer_type`,
    `trainer_spell`,
    `trainer_class`,
    `trainer_race`,
    `ranged_dmg_min`,
    `ranged_dmg_max`,
    `ranged_attack_power`,
    `type`,
    `type_flags`,
    `loot_id`,
    `pickpocket_loot_id`,
    `skinning_loot_id`,
    `holy_res`,
    `fire_res`,
    `nature_res`,
    `frost_res`,
    `shadow_res`,
    `arcane_res`,
    `spell_id1`,
    `spell_id2`,
    `spell_id3`,
    `spell_id4`,
    `spell_list_id`,
    `pet_spell_list_id`,
    `spawn_spell_id`,
    `auras`,
    `gold_min`,
    `gold_max`,
    `ai_name`,
    `movement_type`,
    `inhabit_type`,
    `civilian`,
    `racial_leader`,
    `regeneration`,
    `equipment_id`,
    `trainer_id`,
    `vendor_id`,
    `mechanic_immune_mask`,
    `school_immune_mask`,
    `immunity_flags`,
    `flags_extra`,
    `phase_quest_id`,
    `script_name`
)
VALUES
(62196, 9587, 0, 0, 0, 0, 'Tectonius', '', 0, 45, 45, 2638, 2638, 0, 0, 2725, 1698, 1, 1, 1.14286, 1.79999995231628, 18, 5, 40, 0, 1, 86.371765, 111.564262, 0, 184, 1, 2000, 2000, 1, 33280, 0, 0, 0, 0, 0, 0, 66.965187, 92.077126, 128, 7, 0, 0, 0, 0, 0, 0, 0, 0, 0, 0, 0, 0, 0, 0, 0, 0, 0, 0, 0, 0, 'EventAI', 0, 3, 0, 0, 3, 0, 0, 0, 0, 0, 0, 0, 0, ''),
(62197, 1360, 0, 0, 0, 2327, 'Farseer Greka', '', 0, 40, 40, 2125, 2125, 0, 0, 1890, 1698, 3, 1, 1.828576, 1, 18, 5, 40, 0, 1, 69.784035, 89.232018, 0, 136, 1, 2000, 2000, 1, 32768, 0, 0, 0, 0, 0, 0, 58.712193, 80.729271, 112, 7, 0, 0, 0, 0, 0, 0, 0, 0, 0, 0, 0, 0, 0, 0, 0, 0, 0, 6653, 0, 0, 'EventAI', 0, 3, 0, 0, 3, 0, 0, 0, 0, 0, 0, 0, 0, ''),
(62198, 14771, 0, 0, 0, 0, 'Zo''luuli', '', 0, 40, 40, 2125, 2125, 0, 0, 1890, 1698, 1, 1, 1.14286, 1, 18, 5, 40, 0, 1, 69.784035, 89.232018, 0, 136, 1, 2000, 2000, 1, 32768, 0, 0, 0, 0, 0, 0, 58.712193, 80.729271, 112, 7, 0, 0, 0, 0, 0, 0, 0, 0, 0, 0, 0, 0, 0, 0, 0, 0, 0, 0, 0, 0, 'EventAI', 0, 3, 0, 0, 3, 0, 0, 0, 0, 0, 0, 0, 0, ''),
(62796, 21366, 0, 0, 0, 0, 'Firespeaker Bewali', '', 0, 45, 45, 2439, 2439, 0, 0, 2725, 1698, 3, 1, 1.14286, 1, 18, 5, 40, 0, 1, 83.276474, 101.426468, 0, 184, 1, 2000, 2000, 1, 32768, 0, 0, 0, 0, 0, 0, 66.965187, 92.077126, 128, 7, 0, 0, 0, 0, 0, 0, 0, 0, 0, 0, 0, 0, 0, 0, 0, 0, 0, 0, 0, 0, 'EventAI', 0, 3, 0, 0, 3, 0, 0, 0, 0, 0, 0, 0, 0, ''),
(62798, 21370, 0, 0, 0, 0, 'Deechenu', 'Earthen Ring Quartermaster', 0, 60, 60, 4532, 4532, 0, 0, 3944, 1698, 16391, 1, 1.14286, 1.25, 18, 5, 40, 0, 1, 176.420578, 228.055878, 0, 252, 1, 2000, 2000, 1, 32768, 0, 0, 0, 0, 0, 0, 92.315521, 126.933838, 180, 7, 0, 0, 0, 0, 0, 0, 0, 0, 0, 0, 0, 0, 0, 0, 0, 0, 0, 0, 0, 0, 'EventAI', 0, 3, 0, 0, 3, 0, 0, 0, 0, 0, 0, 0, 0, ''),
(62799, 21371, 21372, 21373, 0, 0, 'Earthen Ring Guard', '', 0, 55, 55, 5446, 5446, 3400, 3400, 7700, 1698, 1, 1, 1.42857, 1.20000004768372, 18, 5, 40, 0, 1, 248.52211, 325.338226, 0, 214, 1, 2000, 2000, 2, 36864, 0, 0, 0, 0, 0, 0, 333.884735, 467.764404, 136, 7, 0, 0, 0, 0, 0, 0, 0, 0, 0, 0, 0, 0, 0, 0, 0, 0, 0, 0, 0, 0, 'EventAI', 0, 3, 0, 0, 3, 62799, 0, 0, 0, 0, 0, 0, 0, ''),
(62800, 21374, 21375, 21376, 0, 0, 'Earthen Ring Initiate', '', 0, 10, 10, 231, 231, 0, 0, 455, 1698, 0, 1, 1.14286, 1, 18, 5, 40, 0, 1, 13.701393, 17.91729, 0, 42, 1, 2000, 2000, 1, 32768, 0, 0, 0, 0, 0, 0, 11.978209, 16.470036, 32, 7, 0, 0, 0, 0, 0, 0, 0, 0, 0, 0, 0, 0, 0, 0, 0, 0, 0, 0, 0, 0, 'EventAI', 0, 3, 0, 0, 3, 0, 0, 0, 0, 0, 0, 0, 0, ''),
(62801, 21377, 0, 0, 0, 0, 'Hafno Rockmane', 'Shaman Trainer', 0, 30, 30, 1192, 1192, 0, 0, 1200, 1698, 19, 1, 1.14286, 1.35000002384186, 18, 5, 40, 0, 1, 49.357334, 62.284294, 0, 102, 1, 2000, 2000, 1, 37376, 0, 0, 0, 0, 7, 0, 42.977089, 59.093498, 84, 7, 0, 0, 0, 0, 0, 0, 0, 0, 0, 0, 0, 0, 0, 0, 0, 0, 0, 0, 0, 0, 'EventAI', 0, 3, 0, 0, 3, 0, 0, 0, 0, 0, 0, 0, 0, ''),
(62802, 21381, 0, 0, 0, 0, 'Muln Earthfury', 'Elder Far Seer of the Earthen Ring', 0, 63, 63, 466400, 466400, 123120, 123120, 4254, 1698, 3, 1, 1.14286, 1.5, 18, 5, 40, 3, 1, 548.553772, 708.028259, 0, 252, 1, 2000, 2000, 2, 36928, 0, 0, 0, 0, 0, 0, 259.230957, 376.583984, 158, 7, 0, 0, 0, 0, 0, 15, 15, 15, 15, 15, 0, 0, 0, 0, 0, 0, 0, 0, 0, 0, 'EventAI', 0, 3, 0, 0, 3, 62802, 0, 0, 0, 0, 0, 0, 0, ''),
(62803, 21383, 0, 0, 0, 0, 'Ohona Riverbend', 'Shaman Trainer', 0, 55, 55, 3966, 3966, 0, 0, 3780, 1698, 19, 1, 1.14286, 1.25, 18, 5, 40, 0, 1, 110.361763, 143.699203, 0, 228, 1, 2000, 2000, 1, 37376, 0, 0, 0, 0, 7, 0, 83.807503, 115.235321, 162, 7, 0, 0, 0, 0, 0, 0, 0, 0, 0, 0, 0, 0, 0, 0, 0, 0, 0, 0, 0, 0, 'EventAI', 0, 3, 0, 0, 3, 0, 0, 0, 0, 0, 0, 0, 0, ''),
(62804, 21391, 0, 0, 0, 0, 'Spirit Guide Tohnizte', '', 0, 50, 50, 3045, 3045, 0, 0, 2999, 1698, 3, 1, 1.14286, 1, 18, 5, 40, 0, 1, 77.097343, 99.584076, 0, 206, 1, 2000, 2000, 1, 37376, 0, 0, 0, 0, 0, 0, 75.210083, 103.413864, 144, 7, 0, 0, 0, 0, 0, 0, 0, 0, 0, 0, 0, 0, 0, 0, 0, 0, 0, 0, 0, 0, 'EventAI', 0, 3, 0, 0, 3, 0, 0, 0, 0, 0, 0, 0, 0, ''),
(62805, 21392, 0, 0, 0, 0, 'Vozgal', 'Shaman Trainer', 0, 35, 35, 1476, 1476, 0, 0, 1373, 1698, 19, 1, 1.14286, 1, 18, 5, 40, 0, 1, 53.66087, 68.391304, 0, 118, 1, 2000, 2000, 1, 37376, 0, 0, 0, 0, 7, 0, 50.821232, 69.879196, 98, 7, 0, 0, 0, 0, 0, 0, 0, 0, 0, 0, 0, 0, 0, 0, 0, 0, 0, 0, 0, 0, 'EventAI', 0, 3, 0, 0, 3, 0, 0, 0, 0, 0, 0, 0, 0, ''),
(63016, 1878, 0, 0, 0, 0, 'Uhna', '', 0, 12, 12, 272, 272, 0, 0, 573, 1698, 3, 1, 1.14286, 1, 18, 5, 40, 0, 1, 11.999999, 13.999999, 0, 46, 1, 2000, 2000, 1, 32768, 0, 0, 0, 0, 0, 0, 16.126387, 22.173782, 36, 7, 0, 0, 0, 0, 0, 0, 0, 0, 0, 0, 0, 0, 0, 0, 0, 0, 0, 0, 0, 0, 'EventAI', 0, 3, 0, 0, 3, 0, 0, 0, 0, 0, 0, 0, 0, ''),
(63017, 4068, 0, 0, 0, 0, 'Mawa’jini', '', 0, 15, 15, 361, 361, 0, 0, 20, 1698, 3, 1, 1.14286, 1, 18, 5, 40, 0, 1, 17.183784, 22.237839, 0, 54, 1, 2000, 2000, 1, 32768, 0, 0, 0, 0, 0, 0, 20.427265, 28.087488, 44, 7, 0, 0, 0, 0, 0, 0, 0, 0, 0, 0, 0, 0, 0, 0, 0, 0, 0, 0, 0, 0, 'EventAI', 0, 3, 0, 0, 3, 0, 0, 0, 0, 0, 0, 0, 0, ''),
(63018, 3746, 0, 0, 0, 0, 'Grahm', '', 0, 16, 16, 392, 392, 0, 0, 20, 1698, 3, 1, 1.14286, 1, 18, 5, 40, 0, 1, 17.223684, 23.302631, 0, 56, 1, 2000, 2000, 1, 32768, 0, 0, 0, 0, 0, 0, 7.542, 15.084, 46, 7, 0, 0, 0, 0, 0, 0, 0, 0, 0, 0, 0, 0, 0, 0, 0, 0, 0, 0, 0, 0, 'EventAI', 0, 3, 0, 0, 3, 0, 0, 0, 0, 0, 0, 0, 0, ''),
(63019, 2115, 0, 0, 0, 0, 'Shovu', '', 0, 13, 13, 325, 325, 0, 0, 20, 1698, 3, 1, 1.14286, 1.20000004768372, 18, 5, 40, 0, 1, 14.102173, 18.441261, 0, 48, 1, 2000, 2000, 1, 32768, 0, 0, 0, 0, 0, 0, 17.635904, 24.249367, 40, 7, 0, 0, 0, 0, 0, 0, 0, 0, 0, 0, 0, 0, 0, 0, 0, 0, 0, 0, 0, 0, 'EventAI', 0, 3, 0, 0, 3, 0, 0, 0, 0, 0, 0, 0, 0, ''),
(63020, 4071, 0, 0, 0, 0, 'Nanabo', 'Leather Armor Merchant', 0, 50, 50, 3045, 3045, 0, 0, 2999, 1698, 16388, 1, 1.14286, 1, 18, 5, 40, 0, 1, 91.0177, 116.716812, 0, 206, 1, 2000, 2000, 1, 32768, 0, 0, 0, 0, 0, 0, 75.210083, 103.413864, 144, 7, 0, 0, 0, 0, 0, 0, 0, 0, 0, 0, 0, 0, 0, 0, 0, 0, 0, 0, 0, 0, 'EventAI', 0, 3, 0, 0, 3, 0, 0, 0, 0, 0, 0, 0, 0, ''),
(63021, 3881, 0, 0, 0, 0, 'Ohno Briskwind', 'Food & Drink Merchant', 0, 50, 50, 3045, 3045, 0, 0, 2999, 1698, 7, 1, 1.14286, 1, 18, 5, 40, 0, 1, 91.0177, 116.716812, 0, 206, 1, 2000, 2000, 1, 32768, 0, 0, 0, 0, 0, 0, 75.210083, 103.413864, 144, 7, 0, 0, 0, 0, 0, 0, 0, 0, 0, 0, 0, 0, 0, 0, 0, 0, 0, 0, 0, 0, 'EventAI', 0, 3, 0, 0, 3, 0, 0, 0, 0, 0, 0, 0, 0, ''),
(63022, 9254, 0, 0, 0, 0, 'Rinwa', 'Trade Goods', 0, 40, 40, 1927, 1927, 0, 0, 1890, 1698, 4, 1, 1.14286, 1.20000004768372, 18, 5, 40, 0, 1, 64.519226, 82.5, 0, 136, 1, 2000, 2000, 1, 32768, 0, 0, 0, 0, 0, 0, 58.712193, 80.729271, 112, 7, 0, 0, 0, 0, 0, 0, 0, 0, 0, 0, 0, 0, 0, 0, 0, 0, 0, 0, 0, 0, 'EventAI', 0, 3, 0, 0, 3, 0, 0, 0, 0, 0, 0, 0, 0, ''),
(63023, 4096, 0, 0, 0, 0, 'Whazzan’do', 'Reagent Vendor', 0, 48, 48, 3125, 3125, 0, 0, 2386, 1698, 4, 1, 1.14286, 1, 18, 5, 40, 0, 1, 92.525314, 121.364441, 0, 196, 1, 2000, 2000, 1, 32768, 0, 0, 0, 0, 0, 0, 71.994698, 98.992706, 138, 7, 0, 0, 0, 0, 0, 0, 0, 0, 0, 0, 0, 0, 0, 0, 0, 0, 0, 0, 0, 0, 'EventAI', 0, 3, 0, 0, 3, 0, 0, 0, 0, 0, 0, 0, 0, ''),
(63024, 2082, 0, 0, 0, 0, 'Lonato', 'General Goods', 0, 24, 24, 730, 730, 0, 0, 975, 1698, 4, 1, 1.14286, 1.29999995231628, 18, 5, 40, 0, 1, 31.096155, 40.425003, 0, 84, 1, 2000, 2000, 1, 32768, 0, 0, 0, 0, 0, 0, 33.569397, 46.157917, 66, 7, 0, 0, 0, 0, 0, 0, 0, 0, 0, 0, 0, 0, 0, 0, 0, 0, 0, 0, 0, 0, 'EventAI', 0, 3, 0, 0, 3, 0, 0, 0, 0, 0, 0, 0, 0, ''),
(63025, 4514, 0, 0, 0, 0, 'Ragg Deadsteel', 'Mace & Staff Merchant', 0, 35, 35, 1342, 1342, 0, 0, 1373, 1698, 16388, 1, 1.14286, 1, 18, 5, 40, 0, 1, 53.66087, 68.391304, 0, 118, 1, 2000, 2000, 1, 32768, 0, 0, 0, 0, 0, 0, 50.821232, 69.879196, 98, 7, 0, 0, 0, 0, 0, 0, 0, 0, 0, 0, 0, 0, 0, 0, 0, 0, 0, 0, 0, 0, 'EventAI', 0, 3, 0, 0, 3, 0, 0, 0, 0, 0, 0, 0, 0, ''),
(63077, 5562, 0, 0, 0, 0, 'Aquaphon', '', 0, 45, 45, 2638, 2638, 0, 0, 2725, 1698, 1, 1, 1.14286, 2, 18, 5, 40, 0, 1, 121.160469, 143.952789, 0, 184, 1, 2000, 2000, 1, 32768, 0, 0, 0, 0, 0, 0, 66.965187, 92.077126, 128, 4, 0, 0, 0, 0, 0, 0, 0, 0, 0, 0, 0, 0, 0, 0, 0, 0, 0, 0, 0, 0, 'EventAI', 0, 3, 0, 0, 3, 0, 0, 0, 0, 0, 0, 0, 0, ''),
(63179, 3818, 0, 0, 0, 0, 'Payat Eaglerunner', 'Innkeeper', 0, 40, 40, 1927, 1927, 0, 0, 1890, 1698, 131, 1, 1.14286, 1.35000002384186, 18, 5, 40, 0, 1, 64.519226, 82.5, 0, 136, 1, 2000, 2000, 1, 32768, 0, 0, 0, 0, 0, 0, 58.712193, 80.729271, 112, 7, 0, 0, 0, 0, 0, 0, 0, 0, 0, 0, 0, 0, 0, 0, 0, 0, 0, 0, 0, 0, 'EventAI', 0, 3, 0, 0, 3, 63179, 0, 0, 0, 0, 0, 0, 0, ''),
(63106, 7357, 0, 0, 0, 0, 'Makya Hillmoon', '', 0, 45, 45, 2439, 2439, 0, 0, 2725, 1698, 3, 1, 1.14286, 1.35000002384186, 18, 5, 40, 0, 1, 76.870583, 99.291176, 0, 184, 1, 2000, 2000, 1, 32768, 0, 0, 0, 0, 0, 0, 66.965187, 92.077126, 128, 7, 0, 0, 0, 0, 0, 0, 0, 0, 0, 0, 0, 0, 0, 0, 0, 0, 0, 0, 0, 0, 'EventAI', 0, 3, 0, 0, 3, 63106, 0, 0, 0, 0, 0, 0, 0, '');

-- ==============================================
-- FILE: creature_addon_earthenring.sql
-- GENERATED: 20260620224628
-- ==============================================
INSERT INTO `creature_addon`
(
    `guid`,
    `display_id`,
    `mount_display_id`,
    `equipment_id`,
    `stand_state`,
    `sheath_state`,
    `emote_state`,
    `auras`
)
VALUES
(2593035, 0, -1, -1, 0, 1, 10, NULL),
(2593036, 0, -1, -1, 1, 1, 0, NULL),
(2593042, 0, -1, -1, 1, 1, 0, NULL),
(2593043, 0, -1, -1, 1, 1, 0, NULL),
(2593045, 0, -1, -1, 1, 1, 0, NULL),
(2593046, 0, -1, -1, 1, 1, 0, NULL),
(2593048, 0, -1, -1, 1, 1, 0, NULL),
(2593053, 0, -1, -1, 1, 1, 0, NULL),
(2593055, 0, -1, -1, 1, 1, 0, NULL),
(2593056, 0, -1, -1, 1, 1, 0, NULL),
(2593069, 0, -1, -1, 1, 1, 0, NULL),
(2593070, 0, -1, -1, 0, 1, 69, NULL),
(2593072, 0, -1, -1, 0, 1, 69, NULL),
(2594973, 0, -1, -1, 0, 1, 1, NULL),
(2594974, 0, -1, -1, 0, 1, 1, NULL);

-- ==============================================
-- FILE: creature_display_info_addon_earthenring.sql
-- GENERATED: 20260620224628
-- ==============================================
INSERT INTO `creature_display_info_addon`
(
    `display_id`,
    `bounding_radius`,
    `combat_reach`,
    `gender`,
    `display_id_other_gender`
)
VALUES
(21366, 1.5, 1.5, 0, 0),
(21370, 1.5, 1.5, 0, 0),
(21371, 1.25, 1.25, 0, 0),
(21372, 1.5625, 1.5625, 0, 0),
(21373, 1.25, 1.25, 0, 0),
(21374, 1.5, 1.5, 0, 0),
(21375, 1.5, 1.5, 0, 0),
(21376, 1.5, 1.5, 0, 0),
(21377, 1.111111, 1.111111, 0, 0),
(21381, 1, 1, 0, 0),
(21383, 1.5, 1.5, 0, 0),
(21391, 1.5, 1.5, 0, 0),
(21392, 1.5, 1.5, 0, 0);

-- ==============================================
-- FILE: creature_earthenring.sql
-- GENERATED: 20260620224628
-- ==============================================
INSERT INTO `creature`
(
    `guid`,
    `id`,
    `id2`,
    `id3`,
    `id4`,
    `map`,
    `position_x`,
    `position_y`,
    `position_z`,
    `orientation`,
    `spawntimesecsmin`,
    `spawntimesecsmax`,
    `wander_distance`,
    `health_percent`,
    `mana_percent`,
    `movement_type`,
    `spawn_flags`,
    `visibility_mod`
)
VALUES
(2592514, 62197, 0, 0, 0, 1, 676.330994, 1038.699951, 114.448997, 3.66315007209778, 300, 300, 0, 100, 100, 0, 0, 0),
(2592517, 62198, 0, 0, 0, 1, 612.046021, 934.559021, 113.163002, 5.4210000038147, 300, 300, 0, 100, 100, 0, 0, 0),
(2592518, 62196, 0, 0, 0, 1, 594.955444, 999.112732, 115.233788, -2.19328188896179, 300, 300, 5, 100, 100, 1, 0, 0),
(2593034, 62796, 0, 0, 0, 1, 609.747009, 891.405029, 114.806999, 4.35567998886108, 300, 300, 0, 100, 100, 0, 0, 0),
(2593035, 62805, 0, 0, 0, 1, 606.033997, 920.875, 112.464996, 0.770332515239716, 300, 300, 0, 100, 100, 0, 0, 0),
(2593036, 62804, 0, 0, 0, 1, 667.609009, 1041.380005, 114.483002, 1.08841001987457, 300, 300, 0, 100, 100, 0, 0, 0),
(2593037, 62803, 0, 0, 0, 1, 644.950989, 840.59198, 122.828003, 0.568097293376923, 300, 300, 0, 100, 100, 0, 0, 0),
(2593039, 62802, 0, 0, 0, 1, 590.077026, 1034.02002, 114.671997, 3.54510998725891, 300, 300, 0, 100, 100, 0, 0, 0),
(2593040, 62801, 0, 0, 0, 1, 651.101013, 863.536987, 121.938004, 5.80086231231689, 300, 300, 0, 100, 100, 0, 0, 0),
(2593042, 62800, 0, 0, 0, 1, 661.129028, 866.190979, 121.988998, 3.76029992103577, 300, 300, 0, 100, 100, 0, 0, 0),
(2593043, 62800, 0, 0, 0, 1, 658.573975, 869.216003, 121.972, 3.8466899394989, 300, 300, 0, 100, 100, 0, 0, 0),
(2593045, 62800, 0, 0, 0, 1, 654.125977, 874.893982, 121.967003, 3.82705998420715, 300, 300, 0, 100, 100, 0, 0, 0),
(2593046, 62800, 0, 0, 0, 1, 658.922974, 874.213989, 121.968002, 3.75244998931885, 300, 300, 0, 100, 100, 0, 0, 0),
(2593048, 62800, 0, 0, 0, 1, 663.83197, 868.187012, 121.999001, 3.7720799446106, 300, 300, 0, 100, 100, 0, 0, 0),
(2593053, 62800, 0, 0, 0, 1, 661.189026, 871.317017, 121.985001, 3.79436993598938, 300, 300, 0, 100, 100, 0, 0, 0),
(2593055, 62800, 0, 0, 0, 1, 656.218018, 872.330017, 121.966003, 3.81793999671936, 300, 300, 0, 100, 100, 0, 0, 0),
(2593056, 62800, 0, 0, 0, 1, 663.244995, 863.695007, 121.973, 3.77630996704102, 300, 300, 0, 100, 100, 0, 0, 0),
(2593057, 62798, 0, 0, 0, 1, 676.406006, 830.224976, 122.828003, 2.12778997421265, 300, 300, 0, 100, 100, 0, 0, 0),
(2593058, 62799, 0, 0, 0, 1, 667.570007, 852.752991, 121.844002, 1.27167999744415, 300, 300, 0, 100, 100, 0, 0, 0),
(2593059, 62799, 0, 0, 0, 1, 799.655029, 904.333008, 158.210007, 0.173780992627144, 300, 300, 0, 100, 100, 0, 0, 0),
(2593060, 62799, 0, 0, 0, 1, 795.78302, 916.979004, 156.882996, 0.355993002653122, 300, 300, 0, 100, 100, 0, 0, 0),
(2593061, 62799, 0, 0, 0, 1, 628.552979, 1004.820007, 114.852997, 6.24337005615234, 300, 300, 0, 100, 100, 0, 0, 0),
(2593062, 62799, 0, 0, 0, 1, 631.27002, 1025.650024, 114.806, 5.87418985366821, 300, 300, 0, 100, 100, 0, 0, 0),
(2593063, 62799, 0, 0, 0, 1, 667.986023, 1023.460022, 114.823997, 4.20444011688232, 300, 300, 0, 100, 100, 0, 0, 0),
(2593064, 62799, 0, 0, 0, 1, 667.171021, 960.528015, 115.614792, 3.06920289993286, 300, 300, 0, 100, 100, 2, 0, 0),
(2593065, 62799, 0, 0, 0, 1, 634.375977, 1013.5, 115.508125, -2.58293271064758, 300, 300, 0, 100, 100, 2, 0, 0),
(2593066, 62799, 0, 0, 0, 1, 705.98999, 921.028015, 126.598396, 1.05806148052216, 300, 300, 0, 100, 100, 2, 0, 0),
(2593069, 62800, 0, 0, 0, 1, 615.468018, 928.817993, 113.112999, 1.94562995433807, 300, 300, 0, 100, 100, 0, 0, 0),
(2593070, 62800, 0, 0, 0, 1, 638.981018, 911.301025, 117.203003, 0.803301990032196, 300, 300, 0, 100, 100, 0, 0, 0),
(2593072, 62800, 0, 0, 0, 1, 662.971008, 1046.280029, 114.507004, 2.49113011360168, 300, 300, 0, 100, 100, 0, 0, 0),
(2594972, 63016, 0, 0, 0, 1, 504.134003, 1025, 119.209, 2.46287989616394, 300, 300, 0, 100, 100, 0, 0, 0),
(2594973, 63017, 0, 0, 0, 1, 501.60199, 1011.609985, 119.103996, 5.12617015838623, 300, 300, 0, 100, 100, 0, 0, 0),
(2594974, 63018, 0, 0, 0, 1, 503.350006, 1007.539978, 118.906998, 2.0049901008606, 300, 300, 0, 100, 100, 0, 0, 0),
(2594975, 63019, 0, 0, 0, 1, 557.341003, 1124.26001, 117.248001, 2.33249998092651, 300, 300, 0, 100, 100, 0, 0, 0),
(2594976, 63020, 0, 0, 0, 1, 657.021973, 831.64502, 122.828003, 1.45913004875183, 300, 300, 0, 100, 100, 0, 0, 0),
(2594977, 63021, 0, 0, 0, 1, 711.88501, 989.380981, 123.043999, 4.82064008712769, 300, 300, 0, 100, 100, 0, 0, 0),
(2594978, 63022, 0, 0, 0, 1, 694.752014, 835.797974, 122.183998, 1.9201500415802, 300, 300, 0, 100, 100, 0, 0, 0),
(2594979, 63023, 0, 0, 0, 1, 616.528992, 934.265991, 113.188004, 3.60169005393982, 300, 300, 0, 100, 100, 0, 0, 0),
(2594980, 63024, 0, 0, 0, 1, 684.370972, 856.294983, 122.268997, 4.85910987854004, 300, 300, 0, 100, 100, 0, 0, 0),
(2594981, 63025, 0, 0, 0, 1, 666.69397, 832.062012, 122.828003, 1.70887005329132, 300, 300, 0, 100, 100, 0, 0, 0),
(2595451, 50515, 0, 0, 0, 1, 721.018005, 973.937012, 122.651001, 4.01247978210449, 300, 300, 0, 100, 100, 0, 0, 0),
(2595452, 50514, 0, 0, 0, 1, 726.981995, 967.867981, 123.908997, 3.48234009742737, 300, 300, 0, 100, 100, 0, 0, 0),
(2595453, 50516, 0, 0, 0, 1, 729.844971, 961.263, 125.533997, 3.46269989013672, 300, 300, 0, 100, 100, 0, 0, 0),
(2595990, 63077, 0, 0, 0, 1, 563.996948, 1059.478027, 115.368896, 0.615493059158325, 300, 300, 5, 100, 100, 1, 0, 0),
(2597159, 63179, 0, 0, 0, 1, 653.682983, 840.146973, 122.828003, 5.5584192276001, 300, 300, 0, 100, 100, 0, 0, 0),
(2597683, 1412, 0, 0, 0, 1, 723.77832, 874.026184, 131.340485, 2.69167733192444, 300, 300, 10, 100, 100, 1, 0, 0),
(2597684, 1412, 0, 0, 0, 1, 611.988464, 847.042542, 120.437767, 1.20773959159851, 300, 300, 10, 100, 100, 1, 0, 0),
(2597685, 1412, 0, 0, 0, 1, 728.077148, 988.683228, 124.494537, 0.898545980453491, 300, 300, 10, 100, 100, 1, 0, 0),
(2597686, 1412, 0, 0, 0, 1, 629.723816, 980.980713, 120.039474, 1.92274832725525, 300, 300, 10, 100, 100, 1, 0, 0),
(2597687, 1412, 0, 0, 0, 1, 657.026672, 1069.259644, 114.872025, 3.09178853034973, 300, 300, 10, 100, 100, 1, 0, 0),
(2597688, 1412, 0, 0, 0, 1, 582.827637, 1101.337769, 116.868782, -1.37442600727081, 300, 300, 10, 100, 100, 1, 0, 0),
(2597689, 1412, 0, 0, 0, 1, 495.231354, 1020.514282, 119.253006, -3.01955604553223, 300, 300, 10, 100, 100, 1, 0, 0),
(2597690, 1420, 0, 0, 0, 1, 591.226135, 881.153503, 110.785172, -0.935567438602448, 300, 300, 10, 100, 100, 1, 0, 0),
(2597691, 1420, 0, 0, 0, 1, 594.583313, 913.119324, 108.991684, -0.749528169631958, 300, 300, 10, 100, 100, 1, 0, 0),
(2597692, 1420, 0, 0, 0, 1, 546.42395, 943.651794, 109.477875, 0.415630608797073, 300, 300, 10, 100, 100, 1, 0, 0),
(2597693, 1420, 0, 0, 0, 1, 520.552917, 955.462769, 106.916023, -2.37712574005127, 300, 300, 10, 100, 100, 1, 0, 0),
(2597694, 1420, 0, 0, 0, 1, 591.037415, 924.317505, 109.904236, 2.58902764320374, 300, 300, 10, 100, 100, 1, 0, 0),
(2596927, 63106, 0, 0, 0, 1, -5332.819824, 3484.51001, 0.880415, 1.51988005638123, 300, 300, 0, 100, 100, 0, 0, 0),
(2592519, 62194, 0, 0, 0, 1, 2709.298828, 1844.92395, 374.672699, -2.68269491195679, 300, 300, 10, 100, 100, 1, 0, 0),
(2592520, 62194, 0, 0, 0, 1, 2739.347412, 1835.9021, 374.865173, 1.61152303218842, 300, 300, 10, 100, 100, 1, 0, 0),
(2592521, 62194, 0, 0, 0, 1, 2698.44458, 1875.331909, 353.465637, -0.00624391483142972, 300, 300, 10, 100, 100, 1, 0, 0),
(2592522, 62194, 0, 0, 0, 1, 2700.744141, 1924.599609, 352.455383, 0.853622496128082, 300, 300, 10, 100, 100, 1, 0, 0),
(2592523, 62194, 0, 0, 0, 1, 2724.996826, 1972.09375, 287.845673, -2.93928217887878, 300, 300, 10, 100, 100, 1, 0, 0),
(2592524, 62194, 0, 0, 0, 1, 2739.123535, 2028.272217, 280.168427, 0.148764476180077, 300, 300, 10, 100, 100, 1, 0, 0),
(2592525, 62194, 0, 0, 0, 1, 2782.503174, 2081.915527, 268.475159, 2.04279804229736, 300, 300, 10, 100, 100, 1, 0, 0),
(2592526, 62194, 0, 0, 0, 1, 2731.728516, 2093.963379, 261.406189, -1.56320214271545, 300, 300, 10, 100, 100, 1, 0, 0),
(2592527, 62194, 0, 0, 0, 1, 2768.531006, 2126.923096, 247.935211, -0.534303247928619, 300, 300, 10, 100, 100, 1, 0, 0),
(2592528, 62194, 0, 0, 0, 1, 2800.33374, 2166.068848, 238.994415, 1.84880673885345, 300, 300, 10, 100, 100, 1, 0, 0),
(2592529, 62194, 0, 0, 0, 1, 2757.137451, 2202.992432, 230.610916, -2.90652704238892, 300, 300, 10, 100, 100, 1, 0, 0),
(2592530, 62194, 0, 0, 0, 1, 2813.222168, 2206.699463, 221.982239, 1.82359600067139, 300, 300, 10, 100, 100, 1, 0, 0),
(2592531, 62195, 0, 0, 0, 1, 2699.820068, 2176.399902, 248.337006, 0.160579994320869, 300, 300, 0, 100, 100, 0, 0, 0),
(2592532, 62194, 0, 0, 0, 1, 2711.966309, 2129.713867, 253.652115, 0.658910691738129, 300, 300, 10, 100, 100, 1, 0, 0),
(2592533, 62194, 0, 0, 0, 1, 2693.98291, 2060.630127, 279.867462, 2.52221465110779, 300, 300, 10, 100, 100, 1, 0, 0),
(2592534, 62194, 0, 0, 0, 1, 2777.151123, 2033.406982, 283.097809, 2.84957313537598, 300, 300, 10, 100, 100, 1, 0, 0);

-- ==============================================
-- FILE: creature_equip_template_earthenring.sql
-- GENERATED: 20260620224628
-- ==============================================
INSERT INTO `creature_equip_template`
(
    `entry`,
    `equipentry1`,
    `equipentry2`,
    `equipentry3`
)
VALUES
(62799, 7945, 12454, 0),
(62802, 2177, 12868, 0),
(63179, 0, 13861, 0),
(63106, 80751, 0, 0);

-- ==============================================
-- FILE: creature_involvedrelation_earthenring.sql
-- GENERATED: 20260620224628
-- ==============================================
INSERT INTO `creature_involvedrelation`
(
    `id`,
    `quest`
)
VALUES
(62197, 41641),
(62803, 41943),
(63106, 41988),
(63106, 41989),
(63019, 41938),
(63019, 41939);

-- ==============================================
-- FILE: creature_movement_earthenring.sql
-- GENERATED: 20260620224628
-- ==============================================
INSERT INTO `creature_movement`
(
    `id`,
    `point`,
    `position_x`,
    `position_y`,
    `position_z`,
    `orientation`,
    `waittime`,
    `wander_distance`,
    `script_id`
)
VALUES
(2593064, 1, 667.171021, 960.528015, 115.614792, 0, 0, 0, 0),
(2593064, 2, 662.921021, 963.528015, 115.364792, 0, 0, 0, 0),
(2593064, 3, 661.534973, 971.591003, 115.328362, 0, 0, 0, 0),
(2593064, 4, 660.284973, 979.341003, 115.078362, 0, 0, 0, 0),
(2593064, 5, 659.034973, 987.341003, 115.578362, 0, 0, 0, 0),
(2593064, 6, 657.784973, 995.341003, 115.828362, 0, 0, 0, 0),
(2593064, 7, 652.33197, 1002.72998, 115.805061, 0, 0, 0, 0),
(2593064, 8, 646.83197, 1008.47998, 115.805061, 0, 0, 0, 0),
(2593064, 9, 651.252014, 1015.76001, 115.635376, 0, 0, 0, 0),
(2593064, 10, 656.252014, 1022.01001, 115.385376, 0, 0, 0, 0),
(2593064, 11, 661.252014, 1028.26001, 115.135376, 0, 0, 0, 0),
(2593064, 12, 655.005981, 1017.289978, 115.839325, 0, 0, 0, 0),
(2593064, 13, 650.755981, 1010.289978, 115.839325, 0, 0, 0, 0),
(2593064, 14, 653.598999, 1000.554016, 116.002678, 0, 0, 0, 0),
(2593064, 15, 657.848999, 993.804016, 115.502678, 0, 0, 0, 0),
(2593064, 16, 660.778992, 983.070007, 115.302017, 0, 0, 0, 0),
(2593064, 17, 662.028992, 975.070007, 115.302017, 0, 0, 0, 0),
(2593064, 18, 663.028992, 967.070007, 115.302017, 0, 0, 0, 0),
(2593064, 19, 664.028992, 961.320007, 115.552017, 0, 0, 0, 0),
(2593064, 20, 671.22699, 956.25, 116.280495, 0, 0, 0, 0),
(2593064, 21, 678.22699, 952.25, 117.530495, 0, 0, 0, 0),
(2593064, 22, 683.22699, 949.5, 118.280495, 0, 0, 0, 0),
(2593064, 23, 688.479004, 942.521973, 120.152504, 0, 0, 0, 0),
(2593064, 24, 693.229004, 936.021973, 122.152504, 0, 0, 0, 0),
(2593064, 25, 697.729004, 929.521973, 124.152504, 0, 0, 0, 0),
(2593064, 26, 702.479004, 923.021973, 125.902504, 0, 0, 0, 0),
(2593064, 27, 706.979004, 916.521973, 127.652504, 0, 0, 0, 0),
(2593064, 28, 717.741028, 912.140015, 129.906067, 0, 0, 0, 0),
(2593064, 29, 725.741028, 911.890015, 131.906067, 0, 0, 0, 0),
(2593064, 30, 733.741028, 911.390015, 134.656067, 0, 0, 0, 0),
(2593064, 31, 741.741028, 911.140015, 137.156067, 0, 0, 0, 0),
(2593064, 32, 749.741028, 910.640015, 141.156067, 0, 0, 0, 0),
(2593064, 33, 757.741028, 910.140015, 145.406067, 0, 0, 0, 0),
(2593064, 34, 765.741028, 909.890015, 149.656067, 0, 0, 0, 0),
(2593064, 35, 773.741028, 909.390015, 152.906067, 0, 0, 0, 0),
(2593064, 36, 781.741028, 909.140015, 155.656067, 0, 0, 0, 0),
(2593064, 37, 774.107971, 909.783997, 152.850525, 0, 0, 0, 0),
(2593064, 38, 766.107971, 910.533997, 149.600525, 0, 0, 0, 0),
(2593064, 39, 758.107971, 911.033997, 145.350525, 0, 0, 0, 0),
(2593064, 40, 750.107971, 911.533997, 141.350525, 0, 0, 0, 0),
(2593064, 41, 742.107971, 912.033997, 137.100525, 0, 0, 0, 0),
(2593064, 42, 734.357971, 912.783997, 134.600525, 0, 0, 0, 0),
(2593064, 43, 726.357971, 913.283997, 131.600525, 0, 0, 0, 0),
(2593064, 44, 718.357971, 913.783997, 129.600525, 0, 0, 0, 0),
(2593064, 45, 710.357971, 914.533997, 127.850525, 0, 0, 0, 0),
(2593064, 46, 703.465027, 921.478027, 125.939392, 0, 0, 0, 0),
(2593064, 47, 699.215027, 928.228027, 124.189392, 0, 0, 0, 0),
(2593064, 48, 694.965027, 934.978027, 122.439392, 0, 0, 0, 0),
(2593064, 49, 690.715027, 941.728027, 120.439392, 0, 0, 0, 0),
(2593064, 50, 681.921021, 950.028015, 117.864792, 0, 0, 0, 0),
(2593064, 51, 675.421021, 954.778015, 116.864792, 0, 0, 0, 0),
(2593064, 52, 668.921021, 959.278015, 115.614792, 0, 0, 0, 0),
(2593064, 53, 667.171021, 960.528015, 115.614792, 0, 0, 0, 0),
(2593065, 1, 634.375977, 1013.5, 115.508125, 0, 0, 0, 0),
(2593065, 2, 629.375977, 1015, 115.508125, 0, 0, 0, 0),
(2593065, 3, 638.070984, 1013.469971, 115.863525, 0, 0, 0, 0),
(2593065, 4, 645.820984, 1011.969971, 115.863525, 0, 0, 0, 0),
(2593065, 5, 651.070984, 1010.969971, 115.863525, 0, 0, 0, 0),
(2593065, 6, 653.968018, 1003.484985, 115.704742, 0, 0, 0, 0),
(2593065, 7, 656.968018, 995.984985, 115.704742, 0, 0, 0, 0),
(2593065, 8, 658.968018, 990.234985, 115.454742, 0, 0, 0, 0),
(2593065, 9, 660.666016, 981.611023, 115.128822, 0, 0, 0, 0),
(2593065, 10, 662.166016, 973.861023, 115.378822, 0, 0, 0, 0),
(2593065, 11, 663.416016, 965.861023, 115.378822, 0, 0, 0, 0),
(2593065, 12, 662.393982, 960.960022, 115.222626, 0, 0, 0, 0),
(2593065, 13, 654.143982, 955.210022, 115.472626, 0, 0, 0, 0),
(2593065, 14, 647.393982, 950.960022, 115.222626, 0, 0, 0, 0),
(2593065, 15, 640.393982, 946.710022, 114.972626, 0, 0, 0, 0),
(2593065, 16, 635.393982, 943.710022, 114.972626, 0, 0, 0, 0),
(2593065, 17, 628.161011, 938.258972, 114.572365, 0, 0, 0, 0),
(2593065, 18, 621.911011, 933.508972, 114.072365, 0, 0, 0, 0),
(2593065, 19, 627.375977, 937.742004, 114.616371, 0, 0, 0, 0),
(2593065, 20, 633.625977, 942.742004, 115.116371, 0, 0, 0, 0),
(2593065, 21, 639.875977, 947.742004, 114.866371, 0, 0, 0, 0),
(2593065, 22, 644.625977, 951.492004, 115.116371, 0, 0, 0, 0),
(2593065, 23, 652.455017, 956.481995, 115.301781, 0, 0, 0, 0),
(2593065, 24, 659.455017, 960.731995, 115.301781, 0, 0, 0, 0),
(2593065, 25, 664.455017, 963.981995, 115.301781, 0, 0, 0, 0),
(2593065, 26, 662.875977, 972.036011, 115.352417, 0, 0, 0, 0),
(2593065, 27, 660.625977, 979.786011, 115.102417, 0, 0, 0, 0),
(2593065, 28, 659.125977, 985.536011, 115.352417, 0, 0, 0, 0),
(2593065, 29, 655.672974, 994.75, 115.850075, 0, 0, 0, 0),
(2593065, 30, 652.672974, 1002.25, 115.850075, 0, 0, 0, 0),
(2593065, 31, 650.422974, 1007.75, 115.850075, 0, 0, 0, 0),
(2593065, 32, 642.125977, 1011.25, 115.758125, 0, 0, 0, 0),
(2593065, 33, 634.375977, 1013.5, 115.508125, 0, 0, 0, 0),
(2593066, 1, 705.98999, 921.028015, 126.598396, 0, 0, 0, 0),
(2593066, 2, 700.98999, 927.278015, 124.598396, 0, 0, 0, 0),
(2593066, 3, 695.98999, 933.528015, 122.848396, 0, 0, 0, 0),
(2593066, 4, 690.73999, 939.528015, 120.848396, 0, 0, 0, 0),
(2593066, 5, 685.73999, 945.778015, 119.098396, 0, 0, 0, 0),
(2593066, 6, 681.98999, 950.528015, 117.848396, 0, 0, 0, 0),
(2593066, 7, 674.664978, 954.637024, 116.693687, 0, 0, 0, 0),
(2593066, 8, 667.414978, 958.387024, 115.693687, 0, 0, 0, 0),
(2593066, 9, 662.164978, 961.137024, 115.443687, 0, 0, 0, 0),
(2593066, 10, 655.078979, 956.656006, 115.334923, 0, 0, 0, 0),
(2593066, 11, 648.578979, 951.906006, 115.334923, 0, 0, 0, 0),
(2593066, 12, 642.078979, 947.406006, 114.834923, 0, 0, 0, 0),
(2593066, 13, 635.578979, 942.656006, 114.834923, 0, 0, 0, 0),
(2593066, 14, 629.078979, 937.906006, 114.584923, 0, 0, 0, 0),
(2593066, 15, 624.328979, 934.656006, 114.334923, 0, 0, 0, 0),
(2593066, 16, 630.713989, 939.473999, 114.8638, 0, 0, 0, 0),
(2593066, 17, 636.963989, 944.723999, 114.8638, 0, 0, 0, 0),
(2593066, 18, 641.463989, 948.473999, 114.8638, 0, 0, 0, 0),
(2593066, 19, 649.210999, 953.179993, 115.365242, 0, 0, 0, 0),
(2593066, 20, 656.210999, 957.179993, 115.365242, 0, 0, 0, 0),
(2593066, 21, 661.460999, 960.179993, 115.365242, 0, 0, 0, 0),
(2593066, 22, 665.460999, 963.179993, 115.365242, 0, 0, 0, 0),
(2593066, 23, 672.092163, 958.27478, 115.985291, 0, 0, 0, 0),
(2593066, 24, 678.592163, 953.52478, 117.485291, 0, 0, 0, 0),
(2593066, 25, 684.842163, 949.02478, 118.485291, 0, 0, 0, 0),
(2593066, 26, 690.046021, 942.745972, 120.410599, 0, 0, 0, 0),
(2593066, 27, 695.046021, 936.495972, 122.160599, 0, 0, 0, 0),
(2593066, 28, 700.046021, 930.245972, 124.160599, 0, 0, 0, 0),
(2593066, 29, 705.046021, 923.995972, 126.160599, 0, 0, 0, 0),
(2593066, 30, 710.046021, 917.745972, 127.910599, 0, 0, 0, 0),
(2593066, 31, 705.86499, 910.03302, 127.178841, 0, 0, 0, 0),
(2593066, 32, 700.36499, 904.28302, 126.678841, 0, 0, 0, 0),
(2593066, 33, 694.86499, 898.53302, 125.928841, 0, 0, 0, 0),
(2593066, 34, 688.914978, 888.934998, 124.790039, 0, 0, 0, 0),
(2593066, 35, 685.414978, 881.684998, 124.040039, 0, 0, 0, 0),
(2593066, 36, 682.164978, 874.434998, 123.290039, 0, 0, 0, 0),
(2593066, 37, 678.664978, 867.434998, 123.040039, 0, 0, 0, 0),
(2593066, 38, 675.914978, 861.934998, 122.790039, 0, 0, 0, 0),
(2593066, 39, 679.609009, 869.008972, 123.391426, 0, 0, 0, 0),
(2593066, 40, 682.609009, 874.258972, 123.641426, 0, 0, 0, 0),
(2593066, 41, 687.359009, 883.008972, 124.391426, 0, 0, 0, 0),
(2593066, 42, 693.132019, 892.752991, 125.444458, 0, 0, 0, 0),
(2593066, 43, 697.132019, 899.752991, 126.194458, 0, 0, 0, 0),
(2593066, 44, 699.632019, 904.252991, 126.694458, 0, 0, 0, 0),
(2593066, 45, 705.734985, 909.75, 127.621368, 0, 0, 0, 0),
(2593066, 46, 710.234985, 913.75, 128.121368, 0, 0, 0, 0),
(2593066, 47, 705.98999, 921.028015, 126.598396, 0, 0, 0, 0);

-- ==============================================
-- FILE: creature_questrelation_earthenring.sql
-- GENERATED: 20260620224628
-- ==============================================
INSERT INTO `creature_questrelation`
(
    `id`,
    `quest`
)
VALUES
(62197, 41641),
(62803, 41943),
(62804, 41988),
(63106, 41989),
(63019, 41939);

-- ==============================================
-- FILE: creature_spells_earthenring.sql
-- GENERATED: 20260620224628
-- ==============================================
INSERT INTO `creature_spells`
(
    `entry`,
    `name`,
    `spellId_1`,
    `probability_1`,
    `castTarget_1`,
    `targetParam1_1`,
    `targetParam2_1`,
    `castFlags_1`,
    `delayInitialMin_1`,
    `delayInitialMax_1`,
    `delayRepeatMin_1`,
    `delayRepeatMax_1`,
    `scriptId_1`,
    `spellId_2`,
    `probability_2`,
    `castTarget_2`,
    `targetParam1_2`,
    `targetParam2_2`,
    `castFlags_2`,
    `delayInitialMin_2`,
    `delayInitialMax_2`,
    `delayRepeatMin_2`,
    `delayRepeatMax_2`,
    `scriptId_2`,
    `spellId_3`,
    `probability_3`,
    `castTarget_3`,
    `targetParam1_3`,
    `targetParam2_3`,
    `castFlags_3`,
    `delayInitialMin_3`,
    `delayInitialMax_3`,
    `delayRepeatMin_3`,
    `delayRepeatMax_3`,
    `scriptId_3`,
    `spellId_4`,
    `probability_4`,
    `castTarget_4`,
    `targetParam1_4`,
    `targetParam2_4`,
    `castFlags_4`,
    `delayInitialMin_4`,
    `delayInitialMax_4`,
    `delayRepeatMin_4`,
    `delayRepeatMax_4`,
    `scriptId_4`,
    `spellId_5`,
    `probability_5`,
    `castTarget_5`,
    `targetParam1_5`,
    `targetParam2_5`,
    `castFlags_5`,
    `delayInitialMin_5`,
    `delayInitialMax_5`,
    `delayRepeatMin_5`,
    `delayRepeatMax_5`,
    `scriptId_5`,
    `spellId_6`,
    `probability_6`,
    `castTarget_6`,
    `targetParam1_6`,
    `targetParam2_6`,
    `castFlags_6`,
    `delayInitialMin_6`,
    `delayInitialMax_6`,
    `delayRepeatMin_6`,
    `delayRepeatMax_6`,
    `scriptId_6`,
    `spellId_7`,
    `probability_7`,
    `castTarget_7`,
    `targetParam1_7`,
    `targetParam2_7`,
    `castFlags_7`,
    `delayInitialMin_7`,
    `delayInitialMax_7`,
    `delayRepeatMin_7`,
    `delayRepeatMax_7`,
    `scriptId_7`,
    `spellId_8`,
    `probability_8`,
    `castTarget_8`,
    `targetParam1_8`,
    `targetParam2_8`,
    `castFlags_8`,
    `delayInitialMin_8`,
    `delayInitialMax_8`,
    `delayRepeatMin_8`,
    `delayRepeatMax_8`,
    `scriptId_8`
)
VALUES
(62194, 'Renegade Air Elemental', 6728, 100, 1, 0, 0, 0, 0, 0, 15, 18, 0, 0, 100, 0, 0, 0, 0, 0, 0, 0, 0, 0, 0, 100, 0, 0, 0, 0, 0, 0, 0, 0, 0, 0, 100, 0, 0, 0, 0, 0, 0, 0, 0, 0, 0, 100, 0, 0, 0, 0, 0, 0, 0, 0, 0, 0, 100, 0, 0, 0, 0, 0, 0, 0, 0, 0, 0, 100, 0, 0, 0, 0, 0, 0, 0, 0, 0, 0, 100, 0, 0, 0, 0, 0, 0, 0, 0, 0),
(62195, 'Razorgust', 915, 100, 1, 0, 0, 0, 0, 0, 9, 11, 0, 0, 100, 0, 0, 0, 0, 0, 0, 0, 0, 0, 0, 100, 0, 0, 0, 0, 0, 0, 0, 0, 0, 0, 100, 0, 0, 0, 0, 0, 0, 0, 0, 0, 0, 100, 0, 0, 0, 0, 0, 0, 0, 0, 0, 0, 100, 0, 0, 0, 0, 0, 0, 0, 0, 0, 0, 100, 0, 0, 0, 0, 0, 0, 0, 0, 0, 0, 100, 0, 0, 0, 0, 0, 0, 0, 0, 0);

-- ==============================================
-- FILE: creature_template_update_earthenring.sql
-- GENERATED: 20260620224628
-- ==============================================
UPDATE `creature_template`
SET `scale` = 0.800000011920929,
    `dmg_min` = 38.852829,
    `dmg_max` = 49.645283,
    `attack_power` = 86,
    `unit_flags` = 32768,
    `ranged_dmg_min` = 32.416382,
    `ranged_dmg_max` = 44.572529,
    `type` = 4,
    `spell_list_id` = 62194
WHERE `entry` = 62194;

UPDATE `creature_template`
SET `scale` = 1,
    `dmg_min` = 37.127998,
    `dmg_max` = 46.956001,
    `attack_power` = 90,
    `unit_flags` = 32768,
    `ranged_dmg_min` = 36.67664,
    `ranged_dmg_max` = 50.430382,
    `type` = 4,
    `spell_list_id` = 62195
WHERE `entry` = 62195;


-- ==============================================
-- FILE: gameobject_earthenring.sql
-- GENERATED: 20260620224628
-- ==============================================
INSERT INTO `gameobject`
(
    `guid`,
    `id`,
    `map`,
    `position_x`,
    `position_y`,
    `position_z`,
    `orientation`,
    `rotation0`,
    `rotation1`,
    `rotation2`,
    `rotation3`,
    `spawntimesecsmin`,
    `spawntimesecsmax`,
    `animprogress`,
    `state`,
    `spawn_flags`,
    `visibility_mod`
)
VALUES
(5025417, 2020231, 1, 671.7109985351562, 1048.27001953125, 114.302001953125, 1.6672500371932983, 0, 0, 0.740372954, 0.672196317, 300, 300, 100, 1, 0, 0),
(5026112, 2003202, 1, 608.8369750976562, 888.3720092773438, 114.80500030517578, 5.902969837188721, 0, 0, 0.18896469, -0.981983883, 300, 300, 100, 1, 0, 0),
(5026113, 2003812, 1, 608.9500122070312, 883.1589965820312, 114.80500030517578, 1.5008200407028198, 0, 0, 0.68193871, 0.731409322, 300, 300, 100, 1, 0, 0),
(5026114, 2003813, 1, 607.3469848632812, 883.3070068359375, 114.79900360107422, 1.3955700397491455, 0, 0, 0.642521998, 0.766267239, 300, 300, 100, 1, 0, 0),
(5026115, 2004006, 1, 613.1530151367188, 885.7579956054688, 114.76300048828125, 2.5626800060272217, 0, 0, 0.958399199, 0.285431208, 300, 300, 100, 1, 0, 0),
(5026116, 2004004, 1, 613.5850219726562, 887.1959838867188, 114.76699829101562, 2.621579885482788, 0, 0, 0.966388337, 0.257086721, 300, 300, 100, 1, 0, 0),
(5026117, 2004003, 1, 613.6619873046875, 887.0640258789062, 115.58300018310547, 2.800649881362915, 0, 0, 0.985504907, 0.169646921, 300, 300, 100, 1, 0, 0),
(5026122, 126052, 1, 604.2440185546875, 890.1099853515625, 114.802001953125, 6.042709827423096, 0, 0, 0.119948234, -0.992780147, 300, 300, 100, 1, 0, 0),
(5026123, 2003817, 1, 604.0780029296875, 887.1480102539062, 114.76799774169922, 0.28572899103164673, 0, 0, 0.142379008, 0.989812214, 300, 300, 100, 1, 0, 0),
(5026124, 2003831, 1, 604.43701171875, 887.5460205078125, 116.14700317382812, 0.5182070136070251, 0, 0, 0.256214087, 0.966620061, 300, 300, 100, 1, 0, 0),
(5026125, 2003829, 1, 603.97998046875, 886.719970703125, 116.14600372314453, 0.15692299604415894, 0, 0, 0.0783810186, 0.996923475, 300, 300, 100, 1, 0, 0),
(5026128, 1887, 1, 658.802001953125, 838.2210083007812, 122.77899932861328, 1.3400100469589233, 0, 0, 0.620989925, 0.783818546, 300, 300, 100, 1, 0, 0),
(5026130, 165637, 1, 640.823974609375, 912.8499755859375, 117.2030029296875, 3.8075098991394043, 0, 0, 0.945079483, -0.326840588, 300, 300, 100, 1, 0, 0),
(5026132, 2003968, 1, 636.1099853515625, 913.1920166015625, 117.16500091552734, 5.215670108795166, 0, 0, 0.508771848, -0.860901392, 300, 300, 100, 1, 0, 0),
(5026133, 2003294, 1, 636.3599853515625, 913.2160034179688, 117.87799835205078, 3.9551100730895996, 0, 0, 0.918408011, -0.395634585, 300, 300, 100, 1, 0, 0),
(5026134, 2003829, 1, 635.6339721679688, 913.39501953125, 117.87799835205078, 4.8543901443481445, 0, 0, 0.655162416, -0.75548806, 300, 300, 100, 1, 0, 0),
(5026135, 2004180, 1, 635.5889892578125, 912.6829833984375, 117.87799835205078, 5.5769500732421875, 0, 0, 0.345824741, -0.938299125, 300, 300, 100, 1, 0, 0),
(5026136, 1887, 1, 684.6820068359375, 853.2589721679688, 122.24700164794922, 1.6012599468231201, 0, 0, 0.717794855, 0.696254656, 300, 300, 100, 1, 0, 0),
(5028307, 2020287, 1, 752.4940185546875, 1125.010009765625, 188.79299926757812, 6.2600998878479, 0, 0, 0.0115424534, -0.999933384, 300, 300, 100, 1, 0, 0),
(5030611, 143983, 1, 660.5880126953125, 854.6619873046875, 121.8759994506836, 1.5627800226211548, 0, 0, 0.704266917, 0.709935285, 300, 300, 100, 1, 0, 0),
(5030698, 2004697, 1, -5326.10986328125, 3485.02001953125, 0.365431010723114, 2.9100399017333984, 0, 0, 0.993305398, 0.115517902, 300, 300, 100, 1, 0, 0),
(5030700, 2020321, 1, -5739.31005859375, 3729.580078125, -6.902060031890869, 4.015110015869141, 0, 0, 0.906127514, -0.423004644, 300, 300, 100, 1, 0, 0);

-- ==============================================
-- FILE: gameobject_template_update.sql
-- GENERATED: 20260620224628
-- ==============================================
UPDATE `gameobject_template`
SET `size` = 0.8
WHERE `entry` = 2020231;

UPDATE `gameobject_template`
SET `flags` = 4
WHERE `entry` = 2020321;

-- ==============================================
-- FILE: npc_trainer_earthenring.sql
-- GENERATED: 20260620224628
-- ==============================================
INSERT INTO `npc_trainer`
(
    `entry`,
    `spell`,
    `spellcost`,
    `reqskill`,
    `reqskillvalue`,
    `reqlevel`
)
VALUES
(62801, 1303, 100, 0, 0, 8),
(62801, 1304, 1800, 0, 0, 16),
(62801, 1305, 3500, 0, 0, 24),
(62801, 1315, 1800, 0, 0, 16),
(62801, 1324, 100, 0, 0, 8),
(62801, 1325, 900, 0, 0, 14),
(62801, 1326, 100, 0, 0, 6),
(62801, 1327, 800, 0, 0, 12),
(62801, 1333, 720, 0, 0, 12),
(62801, 1338, 6000, 0, 0, 28),
(62801, 1339, 8000, 0, 0, 32),
(62801, 1340, 12000, 0, 0, 40),
(62801, 1345, 4000, 0, 0, 26),
(62801, 1352, 7000, 0, 0, 30),
(62801, 1354, 2000, 0, 0, 18),
(62801, 1355, 3500, 0, 0, 24),
(62801, 1356, 8000, 0, 0, 32),
(62801, 1357, 2200, 0, 0, 20),
(62801, 1358, 4000, 0, 0, 26),
(62801, 1363, 8000, 0, 0, 32),
(62801, 1444, 12000, 0, 0, 40),
(62801, 2014, 800, 0, 0, 12),
(62801, 2076, 100, 0, 0, 6),
(62801, 2862, 22000, 0, 0, 48),
(62801, 2863, 30000, 0, 0, 56),
(62801, 2874, 900, 0, 0, 22),
(62801, 5386, 3000, 0, 0, 22),
(62801, 5387, 2200, 0, 0, 20),
(62801, 5678, 4000, 0, 0, 26),
(62801, 5731, 100, 0, 0, 8),
(62801, 6043, 8000, 0, 0, 32),
(62801, 6379, 2200, 0, 0, 20),
(62801, 6380, 7000, 0, 0, 30),
(62801, 6381, 12000, 0, 0, 40),
(62801, 6383, 7000, 0, 0, 30),
(62801, 6384, 12000, 0, 0, 40),
(62801, 6400, 2000, 0, 0, 18),
(62801, 6401, 6000, 0, 0, 28),
(62801, 6402, 11000, 0, 0, 38),
(62801, 6496, 9000, 0, 0, 34),
(62801, 8006, 12000, 0, 0, 40),
(62801, 8007, 2200, 0, 0, 20),
(62801, 8009, 6000, 0, 0, 28),
(62801, 8011, 10000, 0, 0, 36),
(62801, 8013, 7200, 0, 0, 32),
(62801, 8020, 10, 0, 0, 1),
(62801, 8021, 100, 0, 0, 8),
(62801, 8022, 1800, 0, 0, 16),
(62801, 8025, 400, 0, 0, 10),
(62801, 8031, 2000, 0, 0, 18),
(62801, 8032, 4000, 0, 0, 26),
(62801, 8035, 2200, 0, 0, 20),
(62801, 8039, 6000, 0, 0, 28),
(62801, 8043, 100, 0, 0, 4),
(62801, 8047, 100, 0, 0, 8),
(62801, 8048, 900, 0, 0, 14),
(62801, 8049, 3500, 0, 0, 24),
(62801, 8051, 400, 0, 0, 10),
(62801, 8054, 2000, 0, 0, 18),
(62801, 8055, 6000, 0, 0, 28),
(62801, 8057, 2200, 0, 0, 20),
(62801, 8059, 9000, 0, 0, 34),
(62801, 8077, 400, 0, 0, 10),
(62801, 8086, 800, 0, 0, 12),
(62801, 8135, 12000, 0, 0, 40),
(62801, 8144, 2000, 0, 0, 18),
(62801, 8158, 900, 0, 0, 14),
(62801, 8159, 3500, 0, 0, 24),
(62801, 8164, 3500, 0, 0, 24),
(62801, 8165, 11000, 0, 0, 38),
(62801, 8169, 3000, 0, 0, 22),
(62801, 8173, 11000, 0, 0, 38),
(62801, 8180, 7000, 0, 0, 30),
(62801, 8183, 3500, 0, 0, 24),
(62801, 8186, 6000, 0, 0, 28),
(62801, 8189, 4000, 0, 0, 26),
(62801, 8231, 6000, 0, 0, 28),
(62801, 8234, 7000, 0, 0, 30),
(62801, 8237, 12000, 0, 0, 40),
(62801, 8252, 11000, 0, 0, 38),
(62801, 8500, 3000, 0, 0, 22),
(62801, 8501, 8000, 0, 0, 32),
(62801, 8513, 8000, 0, 0, 32),
(62801, 8738, 12000, 0, 0, 0),
(62801, 8837, 16000, 0, 0, 42),
(62801, 10393, 11000, 0, 0, 38),
(62801, 10394, 18000, 0, 0, 44),
(62801, 10397, 22000, 0, 0, 48),
(62801, 10398, 30000, 0, 0, 56),
(62801, 10401, 3500, 0, 0, 24),
(62801, 10402, 9000, 0, 0, 34),
(62801, 10409, 9000, 0, 0, 34),
(62801, 10410, 18000, 0, 0, 44),
(62801, 10411, 29000, 0, 0, 54),
(62801, 10415, 10000, 0, 0, 36),
(62801, 10416, 22000, 0, 0, 48),
(62801, 10417, 34000, 0, 0, 60),
(62801, 10429, 22000, 0, 0, 48),
(62801, 10430, 32000, 0, 0, 58),
(62801, 10433, 22000, 0, 0, 48),
(62801, 10434, 30000, 0, 0, 56),
(62801, 10439, 24000, 0, 0, 50),
(62801, 10440, 34000, 0, 0, 60),
(62801, 10443, 27000, 0, 0, 52),
(62801, 10446, 10000, 0, 0, 36),
(62801, 10449, 12000, 0, 0, 40),
(62801, 10450, 27000, 0, 0, 52),
(62801, 10457, 11000, 0, 0, 38),
(62801, 10464, 24000, 0, 0, 50),
(62801, 10465, 34000, 0, 0, 60),
(62801, 10469, 18000, 0, 0, 44),
(62801, 10470, 27000, 0, 0, 52),
(62801, 10471, 34000, 0, 0, 60),
(62801, 10474, 20000, 0, 0, 46),
(62801, 10475, 32000, 0, 0, 58),
(62801, 10480, 11000, 0, 0, 38),
(62801, 10481, 29000, 0, 0, 54),
(62801, 10488, 24000, 0, 0, 50),
(62801, 10512, 10000, 0, 0, 36),
(62801, 10514, 20000, 0, 0, 46),
(62801, 10515, 30000, 0, 0, 56),
(62801, 10528, 22000, 0, 0, 48),
(62801, 10540, 16000, 0, 0, 42),
(62801, 10541, 32000, 0, 0, 58),
(62801, 10588, 10000, 0, 0, 36),
(62801, 10589, 20000, 0, 0, 46),
(62801, 10590, 30000, 0, 0, 56),
(62801, 10597, 7000, 0, 0, 30),
(62801, 10602, 18000, 0, 0, 44),
(62801, 10603, 34000, 0, 0, 60),
(62801, 10624, 20000, 0, 0, 46),
(62801, 10625, 29000, 0, 0, 54),
(62801, 10628, 30000, 0, 0, 56),
(62801, 11316, 16000, 0, 0, 42),
(62801, 11317, 27000, 0, 0, 52),
(62801, 15113, 10000, 0, 0, 36),
(62801, 15115, 20000, 0, 0, 46),
(62801, 15116, 30000, 0, 0, 56),
(62801, 15209, 24000, 0, 0, 50),
(62801, 15210, 30000, 0, 0, 56),
(62801, 16317, 18000, 0, 0, 44),
(62801, 16318, 29000, 0, 0, 54),
(62801, 16347, 20000, 0, 0, 46),
(62801, 16348, 30000, 0, 0, 56),
(62801, 16357, 22000, 0, 0, 48),
(62801, 16358, 32000, 0, 0, 58),
(62801, 16363, 34000, 0, 0, 60),
(62801, 16394, 32000, 0, 0, 58),
(62801, 20613, 7000, 0, 0, 30),
(62801, 20778, 3500, 0, 0, 24),
(62801, 20779, 10000, 0, 0, 36),
(62801, 20780, 22000, 0, 0, 48),
(62801, 20781, 34000, 0, 0, 60),
(62801, 25910, 24000, 0, 0, 50),
(62801, 36922, 2200, 0, 0, 20),
(62801, 36923, 7000, 0, 0, 28),
(62801, 36924, 14000, 0, 0, 36),
(62801, 36925, 23000, 0, 0, 44),
(62801, 36926, 32000, 0, 0, 52),
(62801, 45520, 2500, 0, 0, 60),
(62801, 47266, 18000, 0, 0, 40),
(62801, 47267, 6000, 0, 0, 26),
(62801, 47268, 8000, 0, 0, 52),
(62801, 47340, 22000, 0, 0, 0),
(62801, 48021, 200, 0, 0, 1),
(62801, 48310, 30000, 0, 0, 50),
(62801, 48311, 50000, 0, 0, 60),
(62801, 51366, 400, 0, 0, 10),
(62801, 51527, 28000, 0, 0, 48),
(62801, 51528, 42000, 0, 0, 60),
(62801, 51537, 12000, 0, 0, 34),
(62801, 51538, 21000, 0, 0, 42),
(62801, 51539, 30000, 0, 0, 50),
(62801, 51540, 44000, 0, 0, 58),
(62801, 52423, 14000, 0, 0, 38),
(62801, 52424, 42000, 0, 0, 56),
(62803, 1303, 100, 0, 0, 8),
(62803, 1304, 1800, 0, 0, 16),
(62803, 1305, 3500, 0, 0, 24),
(62803, 1315, 1800, 0, 0, 16),
(62803, 1324, 100, 0, 0, 8),
(62803, 1325, 900, 0, 0, 14),
(62803, 1326, 100, 0, 0, 6),
(62803, 1327, 800, 0, 0, 12),
(62803, 1333, 720, 0, 0, 12),
(62803, 1338, 6000, 0, 0, 28),
(62803, 1339, 8000, 0, 0, 32),
(62803, 1340, 12000, 0, 0, 40),
(62803, 1345, 4000, 0, 0, 26),
(62803, 1352, 7000, 0, 0, 30),
(62803, 1354, 2000, 0, 0, 18),
(62803, 1355, 3500, 0, 0, 24),
(62803, 1356, 8000, 0, 0, 32),
(62803, 1357, 2200, 0, 0, 20),
(62803, 1358, 4000, 0, 0, 26),
(62803, 1363, 8000, 0, 0, 32),
(62803, 1444, 12000, 0, 0, 40),
(62803, 2014, 800, 0, 0, 12),
(62803, 2076, 100, 0, 0, 6),
(62803, 2862, 22000, 0, 0, 48),
(62803, 2863, 30000, 0, 0, 56),
(62803, 2874, 900, 0, 0, 22),
(62803, 5386, 3000, 0, 0, 22),
(62803, 5387, 2200, 0, 0, 20),
(62803, 5678, 4000, 0, 0, 26),
(62803, 5731, 100, 0, 0, 8),
(62803, 6043, 8000, 0, 0, 32),
(62803, 6379, 2200, 0, 0, 20),
(62803, 6380, 7000, 0, 0, 30),
(62803, 6381, 12000, 0, 0, 40),
(62803, 6383, 7000, 0, 0, 30),
(62803, 6384, 12000, 0, 0, 40),
(62803, 6400, 2000, 0, 0, 18),
(62803, 6401, 6000, 0, 0, 28),
(62803, 6402, 11000, 0, 0, 38),
(62803, 6496, 9000, 0, 0, 34),
(62803, 8006, 12000, 0, 0, 40),
(62803, 8007, 2200, 0, 0, 20),
(62803, 8009, 6000, 0, 0, 28),
(62803, 8011, 10000, 0, 0, 36),
(62803, 8013, 7200, 0, 0, 32),
(62803, 8020, 10, 0, 0, 1),
(62803, 8021, 100, 0, 0, 8),
(62803, 8022, 1800, 0, 0, 16),
(62803, 8025, 400, 0, 0, 10),
(62803, 8031, 2000, 0, 0, 18),
(62803, 8032, 4000, 0, 0, 26),
(62803, 8035, 2200, 0, 0, 20),
(62803, 8039, 6000, 0, 0, 28),
(62803, 8043, 100, 0, 0, 4),
(62803, 8047, 100, 0, 0, 8),
(62803, 8048, 900, 0, 0, 14),
(62803, 8049, 3500, 0, 0, 24),
(62803, 8051, 400, 0, 0, 10),
(62803, 8054, 2000, 0, 0, 18),
(62803, 8055, 6000, 0, 0, 28),
(62803, 8057, 2200, 0, 0, 20),
(62803, 8059, 9000, 0, 0, 34),
(62803, 8077, 400, 0, 0, 10),
(62803, 8086, 800, 0, 0, 12),
(62803, 8135, 12000, 0, 0, 40),
(62803, 8144, 2000, 0, 0, 18),
(62803, 8158, 900, 0, 0, 14),
(62803, 8159, 3500, 0, 0, 24),
(62803, 8164, 3500, 0, 0, 24),
(62803, 8165, 11000, 0, 0, 38),
(62803, 8169, 3000, 0, 0, 22),
(62803, 8173, 11000, 0, 0, 38),
(62803, 8180, 7000, 0, 0, 30),
(62803, 8183, 3500, 0, 0, 24),
(62803, 8186, 6000, 0, 0, 28),
(62803, 8189, 4000, 0, 0, 26),
(62803, 8231, 6000, 0, 0, 28),
(62803, 8234, 7000, 0, 0, 30),
(62803, 8237, 12000, 0, 0, 40),
(62803, 8252, 11000, 0, 0, 38),
(62803, 8500, 3000, 0, 0, 22),
(62803, 8501, 8000, 0, 0, 32),
(62803, 8513, 8000, 0, 0, 32),
(62803, 8738, 12000, 0, 0, 0),
(62803, 8837, 16000, 0, 0, 42),
(62803, 10393, 11000, 0, 0, 38),
(62803, 10394, 18000, 0, 0, 44),
(62803, 10397, 22000, 0, 0, 48),
(62803, 10398, 30000, 0, 0, 56),
(62803, 10401, 3500, 0, 0, 24),
(62803, 10402, 9000, 0, 0, 34),
(62803, 10409, 9000, 0, 0, 34),
(62803, 10410, 18000, 0, 0, 44),
(62803, 10411, 29000, 0, 0, 54),
(62803, 10415, 10000, 0, 0, 36),
(62803, 10416, 22000, 0, 0, 48),
(62803, 10417, 34000, 0, 0, 60),
(62803, 10429, 22000, 0, 0, 48),
(62803, 10430, 32000, 0, 0, 58),
(62803, 10433, 22000, 0, 0, 48),
(62803, 10434, 30000, 0, 0, 56),
(62803, 10439, 24000, 0, 0, 50),
(62803, 10440, 34000, 0, 0, 60),
(62803, 10443, 27000, 0, 0, 52),
(62803, 10446, 10000, 0, 0, 36),
(62803, 10449, 12000, 0, 0, 40),
(62803, 10450, 27000, 0, 0, 52),
(62803, 10457, 11000, 0, 0, 38),
(62803, 10464, 24000, 0, 0, 50),
(62803, 10465, 34000, 0, 0, 60),
(62803, 10469, 18000, 0, 0, 44),
(62803, 10470, 27000, 0, 0, 52),
(62803, 10471, 34000, 0, 0, 60),
(62803, 10474, 20000, 0, 0, 46),
(62803, 10475, 32000, 0, 0, 58),
(62803, 10480, 11000, 0, 0, 38),
(62803, 10481, 29000, 0, 0, 54),
(62803, 10488, 24000, 0, 0, 50),
(62803, 10512, 10000, 0, 0, 36),
(62803, 10514, 20000, 0, 0, 46),
(62803, 10515, 30000, 0, 0, 56),
(62803, 10528, 22000, 0, 0, 48),
(62803, 10540, 16000, 0, 0, 42),
(62803, 10541, 32000, 0, 0, 58),
(62803, 10588, 10000, 0, 0, 36),
(62803, 10589, 20000, 0, 0, 46),
(62803, 10590, 30000, 0, 0, 56),
(62803, 10597, 7000, 0, 0, 30),
(62803, 10602, 18000, 0, 0, 44),
(62803, 10603, 34000, 0, 0, 60),
(62803, 10624, 20000, 0, 0, 46),
(62803, 10625, 29000, 0, 0, 54),
(62803, 10628, 30000, 0, 0, 56),
(62803, 11316, 16000, 0, 0, 42),
(62803, 11317, 27000, 0, 0, 52),
(62803, 15113, 10000, 0, 0, 36),
(62803, 15115, 20000, 0, 0, 46),
(62803, 15116, 30000, 0, 0, 56),
(62803, 15209, 24000, 0, 0, 50),
(62803, 15210, 30000, 0, 0, 56),
(62803, 16317, 18000, 0, 0, 44),
(62803, 16318, 29000, 0, 0, 54),
(62803, 16347, 20000, 0, 0, 46),
(62803, 16348, 30000, 0, 0, 56),
(62803, 16357, 22000, 0, 0, 48),
(62803, 16358, 32000, 0, 0, 58),
(62803, 16363, 34000, 0, 0, 60),
(62803, 16394, 32000, 0, 0, 58),
(62803, 20613, 7000, 0, 0, 30),
(62803, 20778, 3500, 0, 0, 24),
(62803, 20779, 10000, 0, 0, 36),
(62803, 20780, 22000, 0, 0, 48),
(62803, 20781, 34000, 0, 0, 60),
(62803, 25910, 24000, 0, 0, 50),
(62803, 36922, 2200, 0, 0, 20),
(62803, 36923, 7000, 0, 0, 28),
(62803, 36924, 14000, 0, 0, 36),
(62803, 36925, 23000, 0, 0, 44),
(62803, 36926, 32000, 0, 0, 52),
(62803, 45520, 2500, 0, 0, 60),
(62803, 47266, 18000, 0, 0, 40),
(62803, 47267, 6000, 0, 0, 26),
(62803, 47268, 8000, 0, 0, 52),
(62803, 47340, 22000, 0, 0, 0),
(62803, 48021, 200, 0, 0, 1),
(62803, 48310, 30000, 0, 0, 50),
(62803, 48311, 50000, 0, 0, 60),
(62803, 51366, 400, 0, 0, 10),
(62803, 51527, 28000, 0, 0, 48),
(62803, 51528, 42000, 0, 0, 60),
(62803, 51537, 12000, 0, 0, 34),
(62803, 51538, 21000, 0, 0, 42),
(62803, 51539, 30000, 0, 0, 50),
(62803, 51540, 44000, 0, 0, 58),
(62803, 52423, 14000, 0, 0, 38),
(62803, 52424, 42000, 0, 0, 56),
(62805, 1303, 100, 0, 0, 8),
(62805, 1304, 1800, 0, 0, 16),
(62805, 1305, 3500, 0, 0, 24),
(62805, 1315, 1800, 0, 0, 16),
(62805, 1324, 100, 0, 0, 8),
(62805, 1325, 900, 0, 0, 14),
(62805, 1326, 100, 0, 0, 6),
(62805, 1327, 800, 0, 0, 12),
(62805, 1333, 720, 0, 0, 12),
(62805, 1338, 6000, 0, 0, 28),
(62805, 1339, 8000, 0, 0, 32),
(62805, 1340, 12000, 0, 0, 40),
(62805, 1345, 4000, 0, 0, 26),
(62805, 1352, 7000, 0, 0, 30),
(62805, 1354, 2000, 0, 0, 18),
(62805, 1355, 3500, 0, 0, 24),
(62805, 1356, 8000, 0, 0, 32),
(62805, 1357, 2200, 0, 0, 20),
(62805, 1358, 4000, 0, 0, 26),
(62805, 1363, 8000, 0, 0, 32),
(62805, 1444, 12000, 0, 0, 40),
(62805, 2014, 800, 0, 0, 12),
(62805, 2076, 100, 0, 0, 6),
(62805, 2862, 22000, 0, 0, 48),
(62805, 2863, 30000, 0, 0, 56),
(62805, 2874, 900, 0, 0, 22),
(62805, 5386, 3000, 0, 0, 22),
(62805, 5387, 2200, 0, 0, 20),
(62805, 5678, 4000, 0, 0, 26),
(62805, 5731, 100, 0, 0, 8),
(62805, 6043, 8000, 0, 0, 32),
(62805, 6379, 2200, 0, 0, 20),
(62805, 6380, 7000, 0, 0, 30),
(62805, 6381, 12000, 0, 0, 40),
(62805, 6383, 7000, 0, 0, 30),
(62805, 6384, 12000, 0, 0, 40),
(62805, 6400, 2000, 0, 0, 18),
(62805, 6401, 6000, 0, 0, 28),
(62805, 6402, 11000, 0, 0, 38),
(62805, 6496, 9000, 0, 0, 34),
(62805, 8006, 12000, 0, 0, 40),
(62805, 8007, 2200, 0, 0, 20),
(62805, 8009, 6000, 0, 0, 28),
(62805, 8011, 10000, 0, 0, 36),
(62805, 8013, 7200, 0, 0, 32),
(62805, 8020, 10, 0, 0, 1),
(62805, 8021, 100, 0, 0, 8),
(62805, 8022, 1800, 0, 0, 16),
(62805, 8025, 400, 0, 0, 10),
(62805, 8031, 2000, 0, 0, 18),
(62805, 8032, 4000, 0, 0, 26),
(62805, 8035, 2200, 0, 0, 20),
(62805, 8039, 6000, 0, 0, 28),
(62805, 8043, 100, 0, 0, 4),
(62805, 8047, 100, 0, 0, 8),
(62805, 8048, 900, 0, 0, 14),
(62805, 8049, 3500, 0, 0, 24),
(62805, 8051, 400, 0, 0, 10),
(62805, 8054, 2000, 0, 0, 18),
(62805, 8055, 6000, 0, 0, 28),
(62805, 8057, 2200, 0, 0, 20),
(62805, 8059, 9000, 0, 0, 34),
(62805, 8077, 400, 0, 0, 10),
(62805, 8086, 800, 0, 0, 12),
(62805, 8135, 12000, 0, 0, 40),
(62805, 8144, 2000, 0, 0, 18),
(62805, 8158, 900, 0, 0, 14),
(62805, 8159, 3500, 0, 0, 24),
(62805, 8164, 3500, 0, 0, 24),
(62805, 8165, 11000, 0, 0, 38),
(62805, 8169, 3000, 0, 0, 22),
(62805, 8173, 11000, 0, 0, 38),
(62805, 8180, 7000, 0, 0, 30),
(62805, 8183, 3500, 0, 0, 24),
(62805, 8186, 6000, 0, 0, 28),
(62805, 8189, 4000, 0, 0, 26),
(62805, 8231, 6000, 0, 0, 28),
(62805, 8234, 7000, 0, 0, 30),
(62805, 8237, 12000, 0, 0, 40),
(62805, 8252, 11000, 0, 0, 38),
(62805, 8500, 3000, 0, 0, 22),
(62805, 8501, 8000, 0, 0, 32),
(62805, 8513, 8000, 0, 0, 32),
(62805, 8738, 12000, 0, 0, 0),
(62805, 8837, 16000, 0, 0, 42),
(62805, 10393, 11000, 0, 0, 38),
(62805, 10394, 18000, 0, 0, 44),
(62805, 10397, 22000, 0, 0, 48),
(62805, 10398, 30000, 0, 0, 56),
(62805, 10401, 3500, 0, 0, 24),
(62805, 10402, 9000, 0, 0, 34),
(62805, 10409, 9000, 0, 0, 34),
(62805, 10410, 18000, 0, 0, 44),
(62805, 10411, 29000, 0, 0, 54),
(62805, 10415, 10000, 0, 0, 36),
(62805, 10416, 22000, 0, 0, 48),
(62805, 10417, 34000, 0, 0, 60),
(62805, 10429, 22000, 0, 0, 48),
(62805, 10430, 32000, 0, 0, 58),
(62805, 10433, 22000, 0, 0, 48),
(62805, 10434, 30000, 0, 0, 56),
(62805, 10439, 24000, 0, 0, 50),
(62805, 10440, 34000, 0, 0, 60),
(62805, 10443, 27000, 0, 0, 52),
(62805, 10446, 10000, 0, 0, 36),
(62805, 10449, 12000, 0, 0, 40),
(62805, 10450, 27000, 0, 0, 52),
(62805, 10457, 11000, 0, 0, 38),
(62805, 10464, 24000, 0, 0, 50),
(62805, 10465, 34000, 0, 0, 60),
(62805, 10469, 18000, 0, 0, 44),
(62805, 10470, 27000, 0, 0, 52),
(62805, 10471, 34000, 0, 0, 60),
(62805, 10474, 20000, 0, 0, 46),
(62805, 10475, 32000, 0, 0, 58),
(62805, 10480, 11000, 0, 0, 38),
(62805, 10481, 29000, 0, 0, 54),
(62805, 10488, 24000, 0, 0, 50),
(62805, 10512, 10000, 0, 0, 36),
(62805, 10514, 20000, 0, 0, 46),
(62805, 10515, 30000, 0, 0, 56),
(62805, 10528, 22000, 0, 0, 48),
(62805, 10540, 16000, 0, 0, 42),
(62805, 10541, 32000, 0, 0, 58),
(62805, 10588, 10000, 0, 0, 36),
(62805, 10589, 20000, 0, 0, 46),
(62805, 10590, 30000, 0, 0, 56),
(62805, 10597, 7000, 0, 0, 30),
(62805, 10602, 18000, 0, 0, 44),
(62805, 10603, 34000, 0, 0, 60),
(62805, 10624, 20000, 0, 0, 46),
(62805, 10625, 29000, 0, 0, 54),
(62805, 10628, 30000, 0, 0, 56),
(62805, 11316, 16000, 0, 0, 42),
(62805, 11317, 27000, 0, 0, 52),
(62805, 15113, 10000, 0, 0, 36),
(62805, 15115, 20000, 0, 0, 46),
(62805, 15116, 30000, 0, 0, 56),
(62805, 15209, 24000, 0, 0, 50),
(62805, 15210, 30000, 0, 0, 56),
(62805, 16317, 18000, 0, 0, 44),
(62805, 16318, 29000, 0, 0, 54),
(62805, 16347, 20000, 0, 0, 46),
(62805, 16348, 30000, 0, 0, 56),
(62805, 16357, 22000, 0, 0, 48),
(62805, 16358, 32000, 0, 0, 58),
(62805, 16363, 34000, 0, 0, 60),
(62805, 16394, 32000, 0, 0, 58),
(62805, 20613, 7000, 0, 0, 30),
(62805, 20778, 3500, 0, 0, 24),
(62805, 20779, 10000, 0, 0, 36),
(62805, 20780, 22000, 0, 0, 48),
(62805, 20781, 34000, 0, 0, 60),
(62805, 25910, 24000, 0, 0, 50),
(62805, 36922, 2200, 0, 0, 20),
(62805, 36923, 7000, 0, 0, 28),
(62805, 36924, 14000, 0, 0, 36),
(62805, 36925, 23000, 0, 0, 44),
(62805, 36926, 32000, 0, 0, 52),
(62805, 45520, 2500, 0, 0, 60),
(62805, 47266, 18000, 0, 0, 40),
(62805, 47267, 6000, 0, 0, 26),
(62805, 47268, 8000, 0, 0, 52),
(62805, 47340, 22000, 0, 0, 0),
(62805, 48021, 200, 0, 0, 1),
(62805, 48310, 30000, 0, 0, 50),
(62805, 48311, 50000, 0, 0, 60),
(62805, 51366, 400, 0, 0, 10),
(62805, 51527, 28000, 0, 0, 48),
(62805, 51528, 42000, 0, 0, 60),
(62805, 51537, 12000, 0, 0, 34),
(62805, 51538, 21000, 0, 0, 42),
(62805, 51539, 30000, 0, 0, 50),
(62805, 51540, 44000, 0, 0, 58),
(62805, 52423, 14000, 0, 0, 38),
(62805, 52424, 42000, 0, 0, 56);

-- ==============================================
-- FILE: npc_vendor_earthenring.sql
-- GENERATED: 20260620224628
-- ==============================================
INSERT INTO `npc_vendor`
(
    `entry`,
    `slot`,
    `item`,
    `maxcount`,
    `incrtime`,
    `itemflags`,
    `condition_id`
)
VALUES
(4082, 1, 2947, 0, 0, 0, 0),
(4082, 2, 3111, 0, 0, 0, 0),
(4082, 3, 6183, 0, 0, 0, 0),
(4082, 4, 159, 0, 0, 0, 0),
(4082, 5, 1179, 0, 0, 0, 0),
(4082, 6, 1205, 0, 0, 0, 0),
(4082, 7, 4496, 0, 0, 0, 0),
(4082, 8, 4498, 0, 0, 0, 0),
(4082, 9, 2512, 0, 0, 0, 0),
(4082, 10, 2515, 0, 0, 0, 0),
(4082, 11, 2516, 0, 0, 0, 0),
(4082, 12, 2519, 0, 0, 0, 0),
(4082, 13, 2946, 0, 0, 0, 0),
(4082, 14, 3107, 0, 0, 0, 0),
(4082, 15, 3131, 0, 0, 0, 0),
(4082, 16, 3135, 0, 0, 0, 0),
(4082, 17, 4471, 0, 0, 0, 0),
(4082, 18, 5048, 0, 0, 0, 0),
(5870, 1, 117, 0, 0, 0, 0),
(5870, 2, 2287, 0, 0, 0, 0),
(5870, 3, 3770, 0, 0, 0, 0),
(5870, 4, 3771, 0, 0, 0, 0),
(5870, 5, 4599, 0, 0, 0, 0),
(5870, 6, 8952, 0, 0, 0, 0),
(62798, 1, 33123, 0, 0, 0, 0),
(62798, 2, 33124, 0, 0, 0, 0),
(62798, 3, 33125, 0, 0, 0, 0),
(62798, 4, 33126, 0, 0, 0, 0),
(62798, 5, 33127, 0, 0, 0, 0),
(62798, 6, 33128, 0, 0, 0, 0),
(62798, 7, 33129, 0, 0, 0, 0),
(62798, 8, 33130, 0, 0, 0, 0),
(62798, 9, 33131, 0, 0, 0, 0),
(62798, 10, 33132, 0, 0, 0, 0),
(62798, 11, 33133, 0, 0, 0, 0),
(62798, 12, 33134, 0, 0, 0, 0),
(63020, 1, 799, 0, 0, 0, 0),
(63020, 2, 1839, 0, 0, 0, 0),
(63020, 3, 798, 0, 0, 0, 0),
(63020, 4, 796, 0, 0, 0, 0),
(63020, 5, 1840, 0, 0, 0, 0),
(63020, 6, 797, 0, 0, 0, 0),
(63020, 7, 846, 0, 0, 0, 0),
(63020, 8, 1843, 0, 0, 0, 0),
(63020, 9, 845, 0, 0, 0, 0),
(63020, 10, 843, 0, 0, 0, 0),
(63020, 11, 1844, 0, 0, 0, 0),
(63020, 12, 844, 0, 0, 0, 0),
(63020, 13, 2463, 0, 0, 0, 0),
(63020, 14, 2464, 0, 0, 0, 0),
(63020, 15, 2465, 0, 0, 0, 0),
(63020, 16, 2467, 0, 0, 0, 0),
(63020, 17, 2468, 0, 0, 0, 0),
(63020, 18, 2469, 0, 0, 0, 0),
(63020, 19, 3890, 0, 0, 0, 0),
(63020, 20, 2470, 0, 0, 0, 0),
(63020, 21, 2471, 0, 0, 0, 0),
(63020, 22, 2472, 0, 0, 0, 0),
(63020, 23, 2473, 0, 0, 0, 0),
(63020, 24, 2474, 0, 0, 0, 0),
(63020, 25, 2475, 0, 0, 0, 0),
(63020, 26, 3893, 0, 0, 0, 0),
(63020, 27, 236, 0, 0, 0, 0),
(63020, 28, 1849, 0, 0, 0, 0),
(63020, 29, 237, 0, 0, 0, 0),
(63020, 30, 238, 0, 0, 0, 0),
(63020, 31, 1850, 0, 0, 0, 0),
(63020, 32, 239, 0, 0, 0, 0),
(63020, 33, 2141, 0, 0, 0, 0),
(63020, 34, 2142, 0, 0, 0, 0),
(63020, 35, 2146, 0, 0, 0, 0),
(63020, 36, 2143, 0, 0, 0, 0),
(63020, 37, 2144, 0, 0, 0, 0),
(63020, 38, 2145, 0, 0, 0, 0),
(63021, 1, 159, 0, 0, 0, 0),
(63021, 2, 414, 0, 0, 0, 0),
(63021, 3, 422, 0, 0, 0, 0),
(63021, 4, 1179, 0, 0, 0, 0),
(63021, 5, 1205, 0, 0, 0, 0),
(63021, 6, 1645, 0, 0, 0, 0),
(63021, 7, 1707, 0, 0, 0, 0),
(63021, 8, 1708, 0, 0, 0, 0),
(63021, 9, 2070, 0, 0, 0, 0),
(63021, 10, 3927, 0, 0, 0, 0),
(63021, 11, 8766, 0, 0, 0, 0),
(63021, 12, 8932, 0, 0, 0, 0),
(63022, 1, 3777, 0, 0, 0, 0),
(63022, 2, 6183, 0, 0, 0, 0),
(63022, 3, 14341, 0, 0, 0, 0),
(63022, 4, 18256, 0, 0, 0, 0),
(63022, 5, 50231, 0, 0, 0, 0),
(63022, 6, 42004, 0, 0, 0, 0),
(63022, 7, 7005, 0, 0, 0, 0),
(63022, 8, 2901, 0, 0, 0, 0),
(63022, 9, 5956, 0, 0, 0, 0),
(63022, 10, 6256, 0, 0, 0, 0),
(63022, 11, 6217, 0, 0, 0, 0),
(63022, 12, 2678, 0, 0, 0, 0),
(63022, 13, 2320, 0, 0, 0, 0),
(63022, 14, 2880, 0, 0, 0, 0),
(63022, 15, 3371, 0, 0, 0, 0),
(63022, 16, 4289, 0, 0, 0, 0),
(63022, 17, 6529, 0, 0, 0, 0),
(63022, 18, 2604, 0, 0, 0, 0),
(63022, 19, 2324, 0, 0, 0, 0),
(63022, 20, 6260, 0, 0, 0, 0),
(63022, 21, 2321, 0, 0, 0, 0),
(63022, 22, 2692, 0, 0, 0, 0),
(63022, 23, 6530, 0, 0, 0, 0),
(63022, 24, 2605, 0, 0, 0, 0),
(63022, 25, 2928, 0, 0, 0, 0),
(63022, 26, 3372, 0, 0, 0, 0),
(63022, 27, 4291, 0, 0, 0, 0),
(63022, 28, 3713, 0, 0, 0, 0),
(63022, 29, 3466, 0, 0, 0, 0),
(63022, 30, 3857, 0, 0, 0, 0),
(63022, 31, 4399, 0, 0, 0, 0),
(63022, 32, 4400, 0, 0, 0, 0),
(63022, 33, 6532, 0, 0, 0, 0),
(63022, 34, 8343, 0, 0, 0, 0),
(63022, 35, 2325, 0, 0, 0, 0),
(63022, 36, 4341, 0, 0, 0, 0),
(63022, 37, 4342, 0, 0, 0, 0),
(63022, 38, 4340, 0, 0, 0, 0),
(63022, 39, 8925, 0, 0, 0, 0),
(63023, 1, 17019, 0, 0, 0, 0),
(63023, 2, 17034, 0, 0, 0, 0),
(63023, 3, 17035, 0, 0, 0, 0),
(63023, 4, 17036, 0, 0, 0, 0),
(63023, 5, 17037, 0, 0, 0, 0),
(63023, 6, 17038, 0, 0, 0, 0),
(63023, 7, 17031, 0, 0, 0, 0),
(63023, 8, 17032, 0, 0, 0, 0),
(63023, 9, 17020, 0, 0, 0, 0),
(63023, 10, 17030, 0, 0, 0, 0),
(63023, 11, 17033, 0, 0, 0, 0),
(63023, 12, 17028, 0, 0, 0, 0),
(63023, 13, 17029, 0, 0, 0, 0),
(63023, 14, 17021, 0, 0, 0, 0),
(63023, 15, 17026, 0, 0, 0, 0),
(63023, 16, 5565, 0, 0, 0, 0),
(63023, 17, 16583, 0, 0, 0, 0),
(63023, 18, 21177, 0, 0, 0, 0),
(63024, 1, 159, 0, 0, 0, 0),
(63024, 2, 1179, 0, 0, 0, 0),
(63024, 3, 1205, 0, 0, 0, 0),
(63024, 4, 2515, 0, 0, 0, 0),
(63024, 5, 2519, 0, 0, 0, 0),
(63024, 6, 2946, 0, 0, 0, 0),
(63024, 7, 3030, 0, 0, 0, 0),
(63024, 8, 3033, 0, 0, 0, 0),
(63024, 9, 3107, 0, 0, 0, 0),
(63024, 10, 3108, 0, 0, 0, 0),
(63024, 11, 3131, 0, 0, 0, 0),
(63024, 12, 3135, 0, 0, 0, 0),
(63024, 13, 3137, 0, 0, 0, 0),
(63024, 14, 4471, 0, 0, 0, 0),
(63024, 15, 4497, 0, 0, 0, 0),
(63024, 16, 4498, 0, 0, 0, 0),
(63024, 17, 6183, 0, 0, 0, 0),
(63025, 1, 852, 0, 0, 0, 0),
(63025, 2, 1197, 0, 0, 0, 0),
(63025, 3, 2028, 0, 0, 0, 0),
(63025, 4, 925, 0, 0, 0, 0),
(63025, 5, 2026, 0, 0, 0, 0),
(63025, 6, 924, 0, 0, 0, 0),
(63025, 7, 854, 0, 0, 0, 0),
(63025, 8, 2030, 0, 0, 0, 0),
(63025, 9, 928, 0, 0, 0, 0);

